implementation,format,matrix,rows,cols,nnz,processes,avg_time_s,std_time_s,gflops,comm_time_s,compute_time_s,file_parse_s,input_total_s,input_read_parse_s,input_file_io_s,input_parse_s,matrix_validation_s,matrix_redistribution_s,matrix_pack_s,matrix_exchange_s,matrix_source_nnz,matrix_remote_nnz,matrix_remote_fraction,format_conv_s,h2d_transfer_s,valid,max_abs_error
MPI root-in cyclic-x adaptive CUDA-aware MPI,CSR,webbase-1M.mtx,1000005,1000005,3105536,4,2.600811600e-04,7.590783917e-05,23.881283827,1.975852200e-04,4.159487918e-05,1.696870123e+00,1.782253284e+00,1.696870123e+00,0.000000000e+00,0.000000000e+00,0.000000000e+00,8.521972300e-02,6.557457000e-02,1.964515300e-02,3105536,2340633,7.536969464e-01,2.436719899e-01,3.098660000e-03,1,2.022539686e-06
MPI root-in cyclic-x adaptive CUDA-aware MPI,CSR,bone010.mtx,986703,986703,71666325,4,2.990709100e-03,4.784200274e-04,47.925975147,2.627461980e-03,3.324927986e-04,1.689247002e+01,1.860007451e+01,1.689247002e+01,0.000000000e+00,0.000000000e+00,0.000000000e+00,1.707328617e+00,1.435795995e+00,2.715326220e-01,71666325,53750337,7.500082779e-01,6.091039995e+00,2.881285800e-02,0,1.655946069e-02
MPI root-in cyclic-x adaptive CUDA-aware MPI,CSR,eu-2005.mtx,862664,862664,19235140,4,1.486129620e-03,1.408761779e-04,25.886221149,1.335239880e-03,1.249075188e-04,5.106414936e+00,5.571169558e+00,5.106414936e+00,0.000000000e+00,0.000000000e+00,0.000000000e+00,4.646183230e-01,3.871336910e-01,7.748463200e-02,19235140,14431449,7.502648278e-01,1.596710741e+00,1.047744600e-02,1,2.056360245e-05
MPI root-in cyclic-x adaptive CUDA-aware MPI,CSR,Si41Ge41H72.mtx,185639,185639,15011265,4,6.146895800e-04,1.200470669e-04,48.841774738,5.001379000e-04,9.125888109e-05,4.917666653e+00,5.276857440e+00,4.917666653e+00,0.000000000e+00,0.000000000e+00,0.000000000e+00,3.591244570e-01,3.022862800e-01,5.683817700e-02,15011265,11280264,7.514532586e-01,1.254214115e+00,6.977008000e-03,1,2.730414435e-05
MPI root-in cyclic-x adaptive CUDA-aware MPI,CSR,FullChip.mtx,2987012,2987012,26621990,4,6.585037720e-03,9.481720585e-04,8.085599850,6.377411780e-03,1.835212815e-04,1.504994538e+01,1.568367285e+01,1.504994538e+01,0.000000000e+00,0.000000000e+00,0.000000000e+00,6.336490430e-01,5.342939180e-01,9.935512500e-02,26621990,20997284,7.887195510e-01,2.823840052e+00,2.171883300e-02,1,4.810702203e-04
MPI root-in cyclic-x adaptive CUDA-aware MPI,CSR,rajat31.mtx,4690002,4690002,20316253,4,4.592509180e-03,7.848023141e-04,8.847561193,4.419310300e-03,1.391411185e-04,1.219837823e+01,1.268145636e+01,1.219837823e+01,0.000000000e+00,0.000000000e+00,0.000000000e+00,4.829702200e-01,4.085413910e-01,7.442882900e-02,20316253,15238126,7.500460838e-01,1.773574161e+00,2.114829800e-02,1,6.988048553e-04
MPI root-in cyclic-x adaptive CUDA-aware MPI,CSR,webbase-2001.mtx,118142155,118142155,1019903190,4,2.257000877e-01,1.379363291e-02,9.037685366,2.203883058e-01,4.470927410e-03,3.232543013e+02,3.475080001e+02,3.232543013e+02,0.000000000e+00,0.000000000e+00,0.000000000e+00,2.425352140e+01,2.043991766e+01,3.813603739e+00,1019903190,764869396,7.499431353e-01,1.119732170e+02,6.286943120e-01,1,5.072355270e-05
MPI root-in cyclic-x adaptive CUDA-aware MPI,CSR,nlpkkt240.mtx,27993600,27993600,774472352,4,7.721741274e-02,1.000474171e-03,20.059526071,7.424469564e-02,3.033722854e-03,1.740897842e+02,1.924205407e+02,1.740897842e+02,0.000000000e+00,0.000000000e+00,0.000000000e+00,1.833059937e+01,1.549088102e+01,2.839718349e+00,774472352,580857136,7.500037083e-01,7.200051545e+01,3.562941120e-01,1,1.153945923e-04
MPI root-in cyclic-x adaptive CUDA-aware MPI,CSR,rmat_24.mtx,16777216,16777216,150994124,4,1.402240844e-02,9.672221999e-04,21.536118370,1.211157502e-02,1.848483853e-03,2.365109638e+01,2.723279517e+01,2.365109638e+01,0.000000000e+00,0.000000000e+00,0.000000000e+00,3.581573740e+00,3.020674884e+00,5.608988560e-01,150994124,112974794,7.482065593e-01,2.225227214e+01,7.266231500e-02,1,6.633996964e-05
MPI root-in cyclic-x adaptive CUDA-aware MPI,CSR,rmat_22.mtx,4194304,4194304,37748204,4,2.990378540e-03,4.544101714e-04,25.246438533,2.510077820e-03,4.675584000e-04,5.839224321e+00,6.741746831e+00,5.839224321e+00,0.000000000e+00,0.000000000e+00,0.000000000e+00,9.024010110e-01,7.570787090e-01,1.453223020e-01,37748204,28195136,7.469265558e-01,4.602323234e+00,1.957214500e-02,1,1.341104507e-04
MPI root-in cyclic-x adaptive CUDA-aware MPI,CSR,webbase-1M.mtx,1000005,1000005,3105536,3,1.793216200e-04,1.354192577e-05,34.636492800,1.173504800e-04,4.384767994e-05,1.343621621e+00,1.424418315e+00,1.343621621e+00,0.000000000e+00,0.000000000e+00,0.000000000e+00,8.060222000e-02,6.448705900e-02,1.611516100e-02,3105536,2061753,6.638960231e-01,2.727550679e-01,3.269077000e-03,1,2.022539686e-06
MPI root-in cyclic-x adaptive CUDA-aware MPI,CSR,bone010.mtx,986703,986703,71666325,3,2.096954600e-03,1.214837547e-04,68.352767389,1.636977600e-03,4.348928034e-04,1.516588549e+01,1.684341166e+01,1.516588549e+01,0.000000000e+00,0.000000000e+00,0.000000000e+00,1.677217058e+00,1.416662178e+00,2.605548800e-01,71666325,47777550,6.666666667e-01,7.427803807e+00,3.443643900e-02,0,1.655946069e-02
MPI root-in cyclic-x adaptive CUDA-aware MPI,CSR,eu-2005.mtx,862664,862664,19235140,3,1.216735520e-03,1.380718334e-04,31.617618922,1.037651580e-03,1.537228844e-04,4.476741827e+00,4.927568048e+00,4.476741827e+00,0.000000000e+00,0.000000000e+00,0.000000000e+00,4.507134010e-01,3.817126220e-01,6.900077900e-02,19235140,12818593,6.664153731e-01,1.865859882e+00,1.207518000e-02,1,2.056360245e-05
MPI root-in cyclic-x adaptive CUDA-aware MPI,CSR,Si41Ge41H72.mtx,185639,185639,15011265,3,4.350518800e-04,3.108309238e-05,69.009080020,3.018657400e-04,1.115750405e-04,4.064657170e+00,4.414533383e+00,4.064657170e+00,0.000000000e+00,0.000000000e+00,0.000000000e+00,3.498300860e-01,2.979027650e-01,5.192732100e-02,15011265,10005622,6.665408945e-01,1.432771101e+00,7.868300000e-03,1,2.745016057e-05
MPI root-in cyclic-x adaptive CUDA-aware MPI,CSR,FullChip.mtx,2987012,2987012,26621990,3,5.342166020e-03,6.176990130e-04,9.966740045,5.099935440e-03,2.258124802e-04,1.293696407e+01,1.356169014e+01,1.293696407e+01,0.000000000e+00,0.000000000e+00,0.000000000e+00,6.245556180e-01,5.283861070e-01,9.616951100e-02,26621990,17147270,6.441017369e-01,2.901027030e+00,2.489787600e-02,1,1.080270620e-03
MPI root-in cyclic-x adaptive CUDA-aware MPI,CSR,rajat31.mtx,4690002,4690002,20316253,3,1.146925710e-02,1.139710173e-03,3.542732162,1.125543630e-02,1.557708821e-04,1.016134032e+01,1.063964108e+01,1.016134032e+01,0.000000000e+00,0.000000000e+00,0.000000000e+00,4.782552930e-01,4.040168570e-01,7.423843600e-02,20316253,13534210,6.661764844e-01,2.990663761e+00,3.056094600e-02,1,6.988048553e-04
MPI root-in cyclic-x adaptive CUDA-aware MPI,CSR,webbase-2001.mtx,118142155,118142155,1019903190,3,1.863095213e-01,3.690142365e-03,10.948481677,1.796389501e-01,5.842862101e-03,2.666870416e+02,2.905716051e+02,2.666870416e+02,0.000000000e+00,0.000000000e+00,0.000000000e+00,2.388434045e+01,2.026478405e+01,3.619556402e+00,1019903190,679951950,6.666828349e-01,1.344857100e+02,7.527262230e-01,1,5.072355270e-05
MPI root-in cyclic-x adaptive CUDA-aware MPI,CSR,nlpkkt240.mtx,27993600,27993600,774472352,3,7.870247492e-02,1.607391824e-03,19.681016456,7.451796160e-02,4.248002577e-03,1.519529895e+02,1.699904380e+02,1.519529895e+02,0.000000000e+00,0.000000000e+00,0.000000000e+00,1.803729918e+01,1.529166768e+01,2.745631493e+00,774472352,516316816,6.666691389e-01,9.368115587e+01,4.425363730e-01,1,1.153945923e-04
MPI root-in cyclic-x adaptive CUDA-aware MPI,CSR,rmat_24.mtx,16777216,16777216,150994124,3,1.256348708e-02,1.285566055e-03,24.036976842,9.789860280e-03,2.698321905e-03,1.930338104e+01,2.282859702e+01,1.930338104e+01,0.000000000e+00,0.000000000e+00,0.000000000e+00,3.525091869e+00,2.982280251e+00,5.428116180e-01,150994124,100925807,6.684088382e-01,2.680117108e+01,8.790004900e-02,1,6.633996964e-05
MPI root-in cyclic-x adaptive CUDA-aware MPI,CSR,rmat_22.mtx,4194304,4194304,37748204,3,2.383187940e-03,1.483563488e-04,31.678747082,1.743043700e-03,6.073753536e-04,4.668919525e+00,5.546472924e+00,4.668919525e+00,0.000000000e+00,0.000000000e+00,0.000000000e+00,8.775008360e-01,7.476382260e-01,1.298626100e-01,37748204,25210667,6.678640128e-01,5.632799480e+00,2.305968200e-02,1,1.951456070e-04
MPI root-in cyclic-x adaptive CUDA-aware MPI,CSR,webbase-1M.mtx,1000005,1000005,3105536,2,1.155056400e-04,5.368942897e-06,53.772889358,3.455520000e-05,5.855232120e-05,1.351942496e+00,1.432297137e+00,1.351942496e+00,0.000000000e+00,0.000000000e+00,0.000000000e+00,8.020547000e-02,6.490078100e-02,1.530468900e-02,3105536,1564664,5.038305787e-01,3.124024228e-01,2.050469400e-02,1,2.022539686e-06
MPI root-in cyclic-x adaptive CUDA-aware MPI,CSR,bone010.mtx,986703,986703,71666325,2,1.210330620e-03,1.834655293e-04,118.424377299,5.622115600e-04,6.184550405e-04,1.523976034e+01,1.691523569e+01,1.523976034e+01,0.000000000e+00,0.000000000e+00,0.000000000e+00,1.675266022e+00,1.429154757e+00,2.461112650e-01,71666325,35832975,4.999973837e-01,7.989716622e+00,4.777735400e-02,0,1.655946069e-02
MPI root-in cyclic-x adaptive CUDA-aware MPI,CSR,eu-2005.mtx,862664,862664,19235140,2,6.421146200e-04,1.286727991e-04,59.911858104,4.057317200e-04,2.089164796e-04,4.522564024e+00,4.976477551e+00,4.522564024e+00,0.000000000e+00,0.000000000e+00,0.000000000e+00,4.538210290e-01,3.850815390e-01,6.873949000e-02,19235140,9626527,5.004656582e-01,2.174471443e+00,1.603233100e-02,1,2.038478851e-05
MPI root-in cyclic-x adaptive CUDA-aware MPI,CSR,Si41Ge41H72.mtx,185639,185639,15011265,2,2.601360200e-04,2.571529632e-05,115.410891579,9.133342000e-05,1.462476802e-04,4.095346531e+00,4.449473086e+00,4.095346531e+00,0.000000000e+00,0.000000000e+00,0.000000000e+00,3.539894520e-01,3.013471760e-01,5.264227600e-02,15011265,7511823,5.004123903e-01,1.605192528e+00,1.027957700e-02,1,2.532686109e-05
MPI root-in cyclic-x adaptive CUDA-aware MPI,CSR,FullChip.mtx,2987012,2987012,26621990,2,2.275790200e-03,5.016919716e-04,23.395820933,1.932351440e-03,3.003187138e-04,1.303087858e+01,1.365645319e+01,1.303087858e+01,0.000000000e+00,0.000000000e+00,0.000000000e+00,6.254344040e-01,5.318504260e-01,9.358397800e-02,26621990,13150876,4.939854609e-01,3.426666769e+00,2.876333700e-02,1,1.080270620e-03
MPI root-in cyclic-x adaptive CUDA-aware MPI,CSR,rajat31.mtx,4690002,4690002,20316253,2,3.254458020e-03,8.964776949e-04,12.485183631,2.979277160e-03,2.331648022e-04,1.022146678e+01,1.069744601e+01,1.022146678e+01,0.000000000e+00,0.000000000e+00,0.000000000e+00,4.758980620e-01,4.062741510e-01,6.962391100e-02,20316253,10158751,5.000307389e-01,2.913996790e+00,2.938153900e-02,1,6.988048553e-04
MPI root-in cyclic-x adaptive CUDA-aware MPI,CSR,webbase-2001.mtx,118142155,118142155,1019903190,2,1.021882211e-01,1.481084986e-03,19.961267133,9.284319086e-02,8.505692177e-03,2.690648658e+02,2.954690252e+02,2.690648658e+02,0.000000000e+00,0.000000000e+00,0.000000000e+00,2.640397398e+01,2.049077157e+01,5.913202409e+00,1019903190,509857044,4.999072941e-01,1.748814751e+02,1.689882594e+00,1,5.072355270e-05
MPI root-in cyclic-x adaptive CUDA-aware MPI,CSR,nlpkkt240.mtx,27993600,27993600,774472352,2,3.550347910e-02,5.239572510e-04,43.627969519,2.952839044e-02,5.740830717e-03,1.529335824e+02,1.709482946e+02,1.529335824e+02,0.000000000e+00,0.000000000e+00,0.000000000e+00,1.801453881e+01,1.540605199e+01,2.608486816e+00,774472352,387236176,5.000000000e-01,7.396809345e+01,5.699477030e-01,1,1.153945923e-04
MPI root-in cyclic-x adaptive CUDA-aware MPI,CSR,rmat_24.mtx,16777216,16777216,150994124,2,9.519619500e-03,1.264242007e-03,31.722722531,4.750992720e-03,4.691353559e-03,1.948413563e+01,2.300956846e+01,1.948413563e+01,0.000000000e+00,0.000000000e+00,0.000000000e+00,3.525309680e+00,3.014490748e+00,5.108189320e-01,150994124,75604516,5.007116436e-01,3.260720222e+01,1.209604100e-01,1,6.633996964e-05
MPI root-in cyclic-x adaptive CUDA-aware MPI,CSR,rmat_22.mtx,4194304,4194304,37748204,2,1.691628820e-03,2.460315492e-04,44.629416990,7.558154800e-04,9.014681637e-04,4.709625918e+00,5.593026102e+00,4.709625918e+00,0.000000000e+00,0.000000000e+00,0.000000000e+00,8.832988420e-01,7.524439850e-01,1.308548570e-01,37748204,18800810,4.980583977e-01,7.119770295e+00,3.203064900e-02,1,7.343292236e-05
