matrix,rows,cols,total_nnz,processes,partition,long_row_fraction,process_rows,process_cols,rank_0_nnz,rank_1_nnz,rank_2_nnz,rank_3_nnz,min_nnz,avg_nnz,max_nnz,min_over_avg,max_over_avg,spread_over_avg
matrices/FullChip.mtx,2987012,2987012,26621990,2,1d-cyclic,,1,2,13471114,13150876,,,13150876,13310995.000000,13471114,0.987970922,1.012029078,0.024058156
matrices/FullChip.mtx,2987012,2987012,26621990,2,1d-block,,1,2,16435140,10186850,,,10186850,13310995.000000,16435140,0.765295908,1.234704092,0.469408185
matrices/FullChip.mtx,2987012,2987012,26621990,2,1d-gp,,1,2,13379881,13242109,,,13242109,13310995.000000,13379881,0.994824880,1.005175120,0.010350241
matrices/FullChip.mtx,2987012,2987012,26621990,2,1d-lra,0.350000000,1,2,13310994,13310996,,,13310994,13310995.000000,13310996,0.999999925,1.000000075,0.000000150
matrices/FullChip.mtx,2987012,2987012,26621990,2,2d-block,,1,2,16435131,10186859,,,10186859,13310995.000000,16435131,0.765296584,1.234703416,0.469406832
matrices/FullChip.mtx,2987012,2987012,26621990,2,2d-gp,,1,2,13379881,13242109,,,13242109,13310995.000000,13379881,0.994824880,1.005175120,0.010350241
matrices/FullChip.mtx,2987012,2987012,26621990,4,1d-cyclic,,2,2,5624706,7629371,7846408,5521505,5521505,6655497.500000,7846408,0.829615667,1.178936361,0.349320693
matrices/FullChip.mtx,2987012,2987012,26621990,4,1d-block,,2,2,10941639,5493501,5090138,5096712,5090138,6655497.500000,10941639,0.764802030,1.644000167,0.879198137
matrices/FullChip.mtx,2987012,2987012,26621990,4,1d-gp,,2,2,6843865,6461335,6855452,6461338,6461335,6655497.500000,6855452,0.970826749,1.030043509,0.059216760
matrices/FullChip.mtx,2987012,2987012,26621990,4,1d-lra,0.350000000,2,2,5519770,7791224,6655494,6655502,5519770,6655497.500000,7791224,0.829354981,1.170644869,0.341289889
matrices/FullChip.mtx,2987012,2987012,26621990,4,2d-block,,2,2,10133295,6301836,5898482,4288377,4288377,6655497.500000,10133295,0.644336055,1.522545084,0.878209029
matrices/FullChip.mtx,2987012,2987012,26621990,4,2d-gp,,2,2,6964011,6341189,6735306,6581484,6341189,6655497.500000,6964011,0.952774605,1.046354686,0.093580082
matrices/Si41Ge41H72.mtx,185639,185639,15011265,2,1d-cyclic,,1,2,7499442,7511823,,,7499442,7505632.500000,7511823,0.999175219,1.000824781,0.001649561
matrices/Si41Ge41H72.mtx,185639,185639,15011265,2,1d-block,,1,2,7739162,7272103,,,7272103,7505632.500000,7739162,0.968886100,1.031113900,0.062227800
matrices/Si41Ge41H72.mtx,185639,185639,15011265,2,1d-gp,,1,2,7587350,7423915,,,7423915,7505632.500000,7587350,0.989112510,1.010887490,0.021774980
matrices/Si41Ge41H72.mtx,185639,185639,15011265,2,1d-lra,0.350000000,1,2,7505605,7505660,,,7505605,7505632.500000,7505660,0.999996336,1.000003664,0.000007328
matrices/Si41Ge41H72.mtx,185639,185639,15011265,2,2d-block,,1,2,7739162,7272103,,,7272103,7505632.500000,7739162,0.968886100,1.031113900,0.062227800
matrices/Si41Ge41H72.mtx,185639,185639,15011265,2,2d-gp,,1,2,7587350,7423915,,,7423915,7505632.500000,7587350,0.989112510,1.010887490,0.021774980
matrices/Si41Ge41H72.mtx,185639,185639,15011265,4,1d-cyclic,,2,2,3731001,3747802,3768441,3764021,3731001,3752816.250000,3768441,0.994186966,1.004163473,0.009976508
matrices/Si41Ge41H72.mtx,185639,185639,15011265,4,1d-block,,2,2,2644290,5094872,4780952,2491151,2491151,3752816.250000,5094872,0.663808413,1.357612966,0.693804553
matrices/Si41Ge41H72.mtx,185639,185639,15011265,4,1d-gp,,2,2,3734167,3643336,3768189,3865573,3643336,3752816.250000,3865573,0.970827175,1.030045902,0.059218727
matrices/Si41Ge41H72.mtx,185639,185639,15011265,4,1d-lra,0.350000000,2,2,3752882,3752723,3752713,3752947,3752713,3752816.250000,3752947,0.999972487,1.000034841,0.000062353
matrices/Si41Ge41H72.mtx,185639,185639,15011265,4,2d-block,,2,2,3117044,4622118,4308198,2963905,2963905,3752816.250000,4622118,0.789781541,1.231639838,0.441858298
matrices/Si41Ge41H72.mtx,185639,185639,15011265,4,2d-gp,,2,2,3734726,3642777,3767630,3866132,3642777,3752816.250000,3866132,0.970678221,1.030194857,0.059516636
matrices/bone010.mtx,986703,986703,71666325,2,1d-cyclic,,1,2,35833350,35832975,,,35832975,35833162.500000,35833350,0.999994767,1.000005233,0.000010465
matrices/bone010.mtx,986703,986703,71666325,2,1d-block,,1,2,36269253,35397072,,,35397072,35833162.500000,36269253,0.987829975,1.012170025,0.024340051
matrices/bone010.mtx,986703,986703,71666325,2,1d-gp,,1,2,35855910,35810415,,,35810415,35833162.500000,35855910,0.999365183,1.000634817,0.001269634
matrices/bone010.mtx,986703,986703,71666325,2,1d-lra,0.350000000,1,2,35833146,35833179,,,35833146,35833162.500000,35833179,0.999999540,1.000000460,0.000000921
matrices/bone010.mtx,986703,986703,71666325,2,2d-block,,1,2,36269253,35397072,,,35397072,35833162.500000,36269253,0.987829975,1.012170025,0.024340051
matrices/bone010.mtx,986703,986703,71666325,2,2d-gp,,1,2,35855910,35810415,,,35810415,35833162.500000,35855910,0.999365183,1.000634817,0.001269634
matrices/bone010.mtx,986703,986703,71666325,4,1d-cyclic,,2,2,17915988,17913681,17917362,17919294,17913681,17916581.250000,17919294,0.999838125,1.000151410,0.000313285
matrices/bone010.mtx,986703,986703,71666325,4,1d-block,,2,2,17948025,18321228,17735301,17661771,17661771,17916581.250000,18321228,0.985777965,1.022585043,0.036807078
matrices/bone010.mtx,986703,986703,71666325,4,1d-gp,,2,2,17863983,17933625,17904276,17964441,17863983,17916581.250000,17964441,0.997064270,1.002671255,0.005606985
matrices/bone010.mtx,986703,986703,71666325,4,1d-lra,0.350000000,2,2,17916567,17916579,17916609,17916570,17916567,17916581.250000,17916609,0.999999205,1.000001549,0.000002344
matrices/bone010.mtx,986703,986703,71666325,4,2d-block,,2,2,18120908,18148345,17562418,17834654,17562418,17916581.250000,18148345,0.980232655,1.012935713,0.032703058
matrices/bone010.mtx,986703,986703,71666325,4,2d-gp,,2,2,17954640,17842968,17813619,18055098,17813619,17916581.250000,18055098,0.994253242,1.007731204,0.013477962
matrices/eu-2005.mtx,862664,862664,19235140,2,1d-cyclic,,1,2,9608613,9626527,,,9608613,9617570.000000,9626527,0.999068684,1.000931316,0.001862633
matrices/eu-2005.mtx,862664,862664,19235140,2,1d-block,,1,2,10025914,9209226,,,9209226,9617570.000000,10025914,0.957541874,1.042458126,0.084916252
matrices/eu-2005.mtx,862664,862664,19235140,2,1d-gp,,1,2,9689001,9546139,,,9546139,9617570.000000,9689001,0.992572864,1.007427136,0.014854272
matrices/eu-2005.mtx,862664,862664,19235140,2,1d-lra,0.350000000,1,2,9617560,9617580,,,9617560,9617570.000000,9617580,0.999998960,1.000001040,0.000002080
matrices/eu-2005.mtx,862664,862664,19235140,2,2d-block,,1,2,9985275,9249865,,,9249865,9617570.000000,9985275,0.961767370,1.038232630,0.076465261
matrices/eu-2005.mtx,862664,862664,19235140,2,2d-gp,,1,2,9699202,9535938,,,9535938,9617570.000000,9699202,0.991512201,1.008487799,0.016975598
matrices/eu-2005.mtx,862664,862664,19235140,4,1d-cyclic,,2,2,4803691,4809856,4804922,4816671,4803691,4808785.000000,4816671,0.998940689,1.001639915,0.002699227
matrices/eu-2005.mtx,862664,862664,19235140,4,1d-block,,2,2,4945675,5080239,4254269,4954957,4254269,4808785.000000,5080239,0.884686880,1.056449602,0.171762722
matrices/eu-2005.mtx,862664,862664,19235140,4,1d-gp,,2,2,4912199,4749249,4797406,4776286,4749249,4808785.000000,4912199,0.987619326,1.021505224,0.033885898
matrices/eu-2005.mtx,862664,862664,19235140,4,1d-lra,0.350000000,2,2,4808787,4808773,4808856,4808724,4808724,4808785.000000,4808856,0.999987315,1.000014765,0.000027450
matrices/eu-2005.mtx,862664,862664,19235140,4,2d-block,,2,2,4949007,5036268,4250937,4998928,4250937,4808785.000000,5036268,0.883993982,1.047305712,0.163311731
matrices/eu-2005.mtx,862664,862664,19235140,4,2d-gp,,2,2,4907483,4769391,4802122,4756144,4756144,4808785.000000,4907483,0.989053160,1.020524519,0.031471359
matrices/nlpkkt240.mtx,27993600,27993600,774472352,2,1d-cyclic,,1,2,387236176,387236176,,,387236176,387236176.000000,387236176,1.000000000,1.000000000,0.000000000
matrices/nlpkkt240.mtx,27993600,27993600,774472352,2,1d-block,,1,2,384173675,390298677,,,384173675,387236176.000000,390298677,0.992091387,1.007908613,0.015817226
matrices/nlpkkt240.mtx,27993600,27993600,774472352,2,1d-gp,,1,2,387259222,387213130,,,387213130,387236176.000000,387259222,0.999940486,1.000059514,0.000119028
matrices/nlpkkt240.mtx,27993600,27993600,774472352,2,1d-lra,0.350000000,1,2,387236172,387236180,,,387236172,387236176.000000,387236180,0.999999990,1.000000010,0.000000021
matrices/nlpkkt240.mtx,27993600,27993600,774472352,2,2d-block,,1,2,384173675,390298677,,,384173675,387236176.000000,390298677,0.992091387,1.007908613,0.015817226
matrices/nlpkkt240.mtx,27993600,27993600,774472352,2,2d-gp,,1,2,387259222,387213130,,,387213130,387236176.000000,387259222,0.999940486,1.000059514,0.000119028
matrices/nlpkkt240.mtx,27993600,27993600,774472352,4,1d-cyclic,,2,2,193615216,193620960,193620960,193615216,193615216,193618088.000000,193620960,0.999985167,1.000014833,0.000029667
matrices/nlpkkt240.mtx,27993600,27993600,774472352,4,1d-block,,2,2,191323889,192849786,194347807,195950870,191323889,193618088.000000,195950870,0.988150906,1.012048368,0.023897463
matrices/nlpkkt240.mtx,27993600,27993600,774472352,4,1d-gp,,2,2,193531479,193674363,193608087,193658423,193531479,193618088.000000,193674363,0.999552681,1.000290649,0.000737968
matrices/nlpkkt240.mtx,27993600,27993600,774472352,4,1d-lra,0.350000000,2,2,193618072,193618100,193618090,193618090,193618072,193618088.000000,193618100,0.999999917,1.000000062,0.000000145
matrices/nlpkkt240.mtx,27993600,27993600,774472352,4,2d-block,,2,2,191285306,192888369,194386390,195912287,191285306,193618088.000000,195912287,0.987951632,1.011849094,0.023897463
matrices/nlpkkt240.mtx,27993600,27993600,774472352,4,2d-gp,,2,2,193496275,193709567,193643291,193623219,193496275,193618088.000000,193709567,0.999370859,1.000472471,0.001101612
matrices/rajat31.mtx,4690002,4690002,20316253,2,1d-cyclic,,1,2,10157502,10158751,,,10157502,10158126.500000,10158751,0.999938522,1.000061478,0.000122956
matrices/rajat31.mtx,4690002,4690002,20316253,2,1d-block,,1,2,10160732,10155521,,,10155521,10158126.500000,10160732,0.999743506,1.000256494,0.000512988
matrices/rajat31.mtx,4690002,4690002,20316253,2,1d-gp,,1,2,10156204,10160049,,,10156204,10158126.500000,10160049,0.999810743,1.000189257,0.000378515
matrices/rajat31.mtx,4690002,4690002,20316253,2,1d-lra,0.350000000,1,2,10158129,10158124,,,10158124,10158126.500000,10158129,0.999999754,1.000000246,0.000000492
matrices/rajat31.mtx,4690002,4690002,20316253,2,2d-block,,1,2,10160732,10155521,,,10155521,10158126.500000,10160732,0.999743506,1.000256494,0.000512988
matrices/rajat31.mtx,4690002,4690002,20316253,2,2d-gp,,1,2,10156204,10160049,,,10156204,10158126.500000,10160049,0.999810743,1.000189257,0.000378515
matrices/rajat31.mtx,4690002,4690002,20316253,4,1d-cyclic,,2,2,5078127,5079377,5079375,5079374,5078127,5079063.250000,5079377,0.999815665,1.000061773,0.000246108
matrices/rajat31.mtx,4690002,4690002,20316253,4,1d-block,,2,2,5080142,5080595,5080488,5075028,5075028,5079063.250000,5080595,0.999205513,1.000301581,0.001096068
matrices/rajat31.mtx,4690002,4690002,20316253,4,1d-gp,,2,2,5078633,5079480,5079559,5078581,5078581,5079063.250000,5079559,0.999905051,1.000097607,0.000192555
matrices/rajat31.mtx,4690002,4690002,20316253,4,1d-lra,0.350000000,2,2,5079060,5079069,5079058,5079066,5079058,5079063.250000,5079069,0.999998966,1.000001132,0.000002166
matrices/rajat31.mtx,4690002,4690002,20316253,4,2d-block,,2,2,5080041,5080696,5080589,5074927,5074927,5079063.250000,5080696,0.999185627,1.000321467,0.001135839
matrices/rajat31.mtx,4690002,4690002,20316253,4,2d-gp,,2,2,5078456,5079657,5079736,5078404,5078404,5079063.250000,5079736,0.999870202,1.000132456,0.000262253
matrices/rmat_22.mtx,4194304,4194304,37748204,2,1d-cyclic,,1,2,18947394,18800810,,,18800810,18874102.000000,18947394,0.996116795,1.003883205,0.007766409
matrices/rmat_22.mtx,4194304,4194304,37748204,2,1d-block,,1,2,19291819,18456385,,,18456385,18874102.000000,19291819,0.977868245,1.022131755,0.044263510
matrices/rmat_22.mtx,4194304,4194304,37748204,2,1d-gp,,1,2,17330967,20417237,,,17330967,18874102.000000,20417237,0.918240614,1.081759386,0.163518773
matrices/rmat_22.mtx,4194304,4194304,37748204,2,1d-lra,0.350000000,1,2,18874211,18873993,,,18873993,18874102.000000,18874211,0.999994225,1.000005775,0.000011550
matrices/rmat_22.mtx,4194304,4194304,37748204,2,2d-block,,1,2,19291819,18456385,,,18456385,18874102.000000,19291819,0.977868245,1.022131755,0.044263510
matrices/rmat_22.mtx,4194304,4194304,37748204,2,2d-gp,,1,2,17330967,20417237,,,17330967,18874102.000000,20417237,0.918240614,1.081759386,0.163518773
matrices/rmat_22.mtx,4194304,4194304,37748204,4,1d-cyclic,,2,2,9553068,9391172,9394326,9409638,9391172,9437051.000000,9553068,0.995138418,1.012293777,0.017155359
matrices/rmat_22.mtx,4194304,4194304,37748204,4,1d-block,,2,2,9977979,9313840,9339103,9117282,9117282,9437051.000000,9977979,0.966115580,1.057319601,0.091204021
matrices/rmat_22.mtx,4194304,4194304,37748204,4,1d-gp,,2,2,9637406,10213290,10213496,7684012,7684012,9437051.000000,10213496,0.814238685,1.082276232,0.268037547
matrices/rmat_22.mtx,4194304,4194304,37748204,4,1d-lra,0.350000000,2,2,9436119,9438092,9436965,9437028,9436119,9437051.000000,9438092,0.999901240,1.000110310,0.000209070
matrices/rmat_22.mtx,4194304,4194304,37748204,4,2d-block,,2,2,9874608,9417211,9442474,9013911,9013911,9437051.000000,9874608,0.955161840,1.046365862,0.091204021
matrices/rmat_22.mtx,4194304,4194304,37748204,4,2d-gp,,2,2,10243461,9607235,9607441,8290067,8290067,9437051.000000,10243461,0.878459489,1.085451483,0.206991994
matrices/rmat_24.mtx,16777216,16777216,150994124,2,1d-cyclic,,1,2,75389608,75604516,,,75389608,75497062.000000,75604516,0.998576713,1.001423287,0.002846574
matrices/rmat_24.mtx,16777216,16777216,150994124,2,1d-block,,1,2,75517619,75476505,,,75476505,75497062.000000,75517619,0.999727711,1.000272289,0.000544577
matrices/rmat_24.mtx,16777216,16777216,150994124,2,1d-gp,,1,2,82071726,68922398,,,68922398,75497062.000000,82071726,0.912914969,1.087085031,0.174170062
matrices/rmat_24.mtx,16777216,16777216,150994124,2,1d-lra,0.350000000,1,2,75497002,75497122,,,75497002,75497062.000000,75497122,0.999999205,1.000000795,0.000001589
matrices/rmat_24.mtx,16777216,16777216,150994124,2,2d-block,,1,2,75517619,75476505,,,75476505,75497062.000000,75517619,0.999727711,1.000272289,0.000544577
matrices/rmat_24.mtx,16777216,16777216,150994124,2,2d-gp,,1,2,82071726,68922398,,,68922398,75497062.000000,82071726,0.912914969,1.087085031,0.174170062
matrices/rmat_24.mtx,16777216,16777216,150994124,4,1d-cyclic,,2,2,38019330,37809569,37370278,37794947,37370278,37748531.000000,38019330,0.989979663,1.007173763,0.017194100
matrices/rmat_24.mtx,16777216,16777216,150994124,4,1d-block,,2,2,38122369,37395250,37554426,37922079,37395250,37748531.000000,38122369,0.990641199,1.009903379,0.019262180
matrices/rmat_24.mtx,16777216,16777216,150994124,4,1d-gp,,2,2,41083242,41013749,30231526,38665607,30231526,37748531.000000,41083242,0.800866291,1.088340153,0.287473862
matrices/rmat_24.mtx,16777216,16777216,150994124,4,1d-lra,0.350000000,2,2,37747755,37749247,37748550,37748572,37747755,37748531.000000,37749247,0.999979443,1.000018968,0.000039525
matrices/rmat_24.mtx,16777216,16777216,150994124,4,2d-block,,2,2,37844837,37672782,37831958,37644547,37644547,37748531.000000,37844837,0.997245350,1.002551252,0.005305902
matrices/rmat_24.mtx,16777216,16777216,150994124,4,2d-gp,,2,2,39255474,42841517,32059294,36837839,32059294,37748531.000000,42841517,0.849285870,1.134918787,0.285632916
matrices/rmat_26.mtx,67108864,67108864,603978557,2,1d-cyclic,,1,2,302162145,301816412,,,301816412,301989278.500000,302162145,0.999427574,1.000572426,0.001144852
matrices/rmat_26.mtx,67108864,67108864,603978557,2,1d-block,,1,2,302285679,301692878,,,301692878,301989278.500000,302285679,0.999018507,1.000981493,0.001962987
matrices/rmat_26.mtx,67108864,67108864,603978557,2,1d-gp,,1,2,274457712,329520845,,,274457712,301989278.500000,329520845,0.908832636,1.091167364,0.182334728
matrices/rmat_26.mtx,67108864,67108864,603978557,2,1d-lra,0.350000000,1,2,301987743,301990814,,,301987743,301989278.500000,301990814,0.999994915,1.000005085,0.000010169
matrices/rmat_26.mtx,67108864,67108864,603978557,2,2d-block,,1,2,302285679,301692878,,,301692878,301989278.500000,302285679,0.999018507,1.000981493,0.001962987
matrices/rmat_26.mtx,67108864,67108864,603978557,2,2d-gp,,1,2,274457712,329520845,,,274457712,301989278.500000,329520845,0.908832636,1.091167364,0.182334728
matrices/rmat_26.mtx,67108864,67108864,603978557,4,1d-cyclic,,2,2,150490729,150592710,151671416,151223702,150490729,150994639.250000,151671416,0.996662728,1.004482124,0.007819397
matrices/rmat_26.mtx,67108864,67108864,603978557,4,1d-block,,2,2,150166947,152118732,151205814,150487064,150166947,150994639.250000,152118732,0.994518400,1.007444587,0.012926187
matrices/rmat_26.mtx,67108864,67108864,603978557,4,1d-gp,,2,2,155415151,119055249,164611664,164896493,119055249,150994639.250000,164896493,0.788473350,1.092068525,0.303595175
matrices/rmat_26.mtx,67108864,67108864,603978557,4,1d-lra,0.350000000,2,2,150994435,150993308,150996172,150994642,150993308,150994639.250000,150996172,0.999991183,1.000010151,0.000018968
matrices/rmat_26.mtx,67108864,67108864,603978557,4,2d-block,,2,2,150834835,151450844,150537926,151154952,150537926,150994639.250000,151450844,0.996975302,1.003021331,0.006046029
matrices/rmat_26.mtx,67108864,67108864,603978557,4,2d-gp,,2,2,147913191,126557209,172113624,157394533,126557209,150994639.250000,172113624,0.838156968,1.139865792,0.301708824
matrices/webbase-1M.mtx,1000005,1000005,3105536,2,1d-cyclic,,1,2,1540872,1564664,,,1540872,1552768.000000,1564664,0.992338843,1.007661157,0.015322315
matrices/webbase-1M.mtx,1000005,1000005,3105536,2,1d-block,,1,2,1663787,1441749,,,1441749,1552768.000000,1663787,0.928502519,1.071497481,0.142994961
matrices/webbase-1M.mtx,1000005,1000005,3105536,2,1d-gp,,1,2,1554293,1551243,,,1551243,1552768.000000,1554293,0.999017883,1.000982117,0.001964234
matrices/webbase-1M.mtx,1000005,1000005,3105536,2,1d-lra,0.350000000,1,2,1552761,1552775,,,1552761,1552768.000000,1552775,0.999995492,1.000004508,0.000009016
matrices/webbase-1M.mtx,1000005,1000005,3105536,2,2d-block,,1,2,1697354,1408182,,,1408182,1552768.000000,1697354,0.906884995,1.093115005,0.186230010
matrices/webbase-1M.mtx,1000005,1000005,3105536,2,2d-gp,,1,2,1554522,1551014,,,1551014,1552768.000000,1554522,0.998870404,1.001129596,0.002259191
matrices/webbase-1M.mtx,1000005,1000005,3105536,4,1d-cyclic,,2,2,764903,781981,775969,782683,764903,776384.000000,782683,0.985212215,1.008113253,0.022901039
matrices/webbase-1M.mtx,1000005,1000005,3105536,4,1d-block,,2,2,1072417,591370,889761,551988,551988,776384.000000,1072417,0.710972921,1.381297142,0.670324221
matrices/webbase-1M.mtx,1000005,1000005,3105536,4,1d-gp,,2,2,772787,778329,776112,778308,772787,776384.000000,778329,0.995366983,1.002505204,0.007138220
matrices/webbase-1M.mtx,1000005,1000005,3105536,4,1d-lra,0.350000000,2,2,776389,776372,776393,776382,776372,776384.000000,776393,0.999984544,1.000011592,0.000027048
matrices/webbase-1M.mtx,1000005,1000005,3105536,4,2d-block,,2,2,1107083,590271,855095,553087,553087,776384.000000,1107083,0.712388457,1.425947727,0.713559270
matrices/webbase-1M.mtx,1000005,1000005,3105536,4,2d-gp,,2,2,772000,778736,776899,777901,772000,776384.000000,778736,0.994353310,1.003029429,0.008676119
matrices/webbase-2001.mtx,118142155,118142155,1019903190,2,1d-cyclic,,1,2,510046146,509857044,,,509857044,509951595.000000,510046146,0.999814588,1.000185412,0.000370823
matrices/webbase-2001.mtx,118142155,118142155,1019903190,2,1d-block,,1,2,474747692,545155498,,,474747692,509951595.000000,545155498,0.930966187,1.069033813,0.138067626
matrices/webbase-2001.mtx,118142155,118142155,1019903190,2,1d-gp,,1,2,508350038,511553152,,,508350038,509951595.000000,511553152,0.996859394,1.003140606,0.006281212
matrices/webbase-2001.mtx,118142155,118142155,1019903190,2,1d-lra,0.350000000,1,2,509951614,509951576,,,509951576,509951595.000000,509951614,0.999999963,1.000000037,0.000000075
matrices/webbase-2001.mtx,118142155,118142155,1019903190,2,2d-block,,1,2,472236723,547666467,,,472236723,509951595.000000,547666467,0.926042251,1.073957749,0.147915498
matrices/webbase-2001.mtx,118142155,118142155,1019903190,2,2d-gp,,1,2,508162281,511740909,,,508162281,509951595.000000,511740909,0.996491208,1.003508792,0.007017584
matrices/webbase-2001.mtx,118142155,118142155,1019903190,4,1d-cyclic,,2,2,255033794,255024752,255012352,254832292,254832292,254975797.500000,255033794,0.999437180,1.000227459,0.000790279
matrices/webbase-2001.mtx,118142155,118142155,1019903190,4,1d-block,,2,2,220440846,254306846,278511770,266643728,220440846,254975797.500000,278511770,0.864555962,1.092306692,0.227750730
matrices/webbase-2001.mtx,118142155,118142155,1019903190,4,1d-gp,,2,2,256499599,255423696,256043825,251936070,251936070,254975797.500000,256499599,0.988078368,1.005976259,0.017897891
matrices/webbase-2001.mtx,118142155,118142155,1019903190,4,1d-lra,0.350000000,2,2,254975793,254975821,254975794,254975782,254975782,254975797.500000,254975821,0.999999939,1.000000092,0.000000153
matrices/webbase-2001.mtx,118142155,118142155,1019903190,4,2d-block,,2,2,218433288,253803435,280519328,267147139,218433288,254975797.500000,280519328,0.856682439,1.100180216,0.243497777
matrices/webbase-2001.mtx,118142155,118142155,1019903190,4,2d-gp,,2,2,256596862,255497095,255946562,251862671,251862671,254975797.500000,256596862,0.987790502,1.006357719,0.018567217
