matrix,rows,cols,total_nnz,processes,partition,long_row_fraction,process_rows,process_cols,rank,rank_nnz,expand_send_values,expand_recv_values,fold_send_values,fold_recv_values,total_send_values,total_recv_values,total_volume_values,total_send_bytes,total_recv_bytes,total_volume_bytes,min_rank_volume_values,avg_rank_volume_values,max_rank_volume_values
matrices/FullChip.mtx,2987012,2987012,26621990,2,1d-cyclic,,1,2,0,13471114,1483429,1486048,0,0,1483429,1486048,2969477,5933716,5944192,11877908,2969477,2969477.000000,2969477
matrices/FullChip.mtx,2987012,2987012,26621990,2,1d-cyclic,,1,2,1,13150876,1486048,1483429,0,0,1486048,1483429,2969477,5944192,5933716,11877908,2969477,2969477.000000,2969477
matrices/FullChip.mtx,2987012,2987012,26621990,2,1d-block,,1,2,0,16435140,241004,1492383,0,0,241004,1492383,1733387,964016,5969532,6933548,1733387,1733387.000000,1733387
matrices/FullChip.mtx,2987012,2987012,26621990,2,1d-block,,1,2,1,10186850,1492383,241004,0,0,1492383,241004,1733387,5969532,964016,6933548,1733387,1733387.000000,1733387
matrices/FullChip.mtx,2987012,2987012,26621990,2,1d-gp,,1,2,0,13379881,994603,1145549,0,0,994603,1145549,2140152,3978412,4582196,8560608,2140152,2140152.000000,2140152
matrices/FullChip.mtx,2987012,2987012,26621990,2,1d-gp,,1,2,1,13242109,1145549,994603,0,0,1145549,994603,2140152,4582196,3978412,8560608,2140152,2140152.000000,2140152
matrices/FullChip.mtx,2987012,2987012,26621990,2,1d-lra,0.350000000,1,2,0,13310994,700826,1819081,0,0,700826,1819081,2519907,2803304,7276324,10079628,2519907,2519907.000000,2519907
matrices/FullChip.mtx,2987012,2987012,26621990,2,1d-lra,0.350000000,1,2,1,13310996,1819081,700826,0,0,1819081,700826,2519907,7276324,2803304,10079628,2519907,2519907.000000,2519907
matrices/FullChip.mtx,2987012,2987012,26621990,2,2d-block,,1,2,0,16435131,0,0,1492378,241004,1492378,241004,1733382,5969512,964016,6933528,1733382,1733382.000000,1733382
matrices/FullChip.mtx,2987012,2987012,26621990,2,2d-block,,1,2,1,10186859,0,0,241004,1492378,241004,1492378,1733382,964016,5969512,6933528,1733382,1733382.000000,1733382
matrices/FullChip.mtx,2987012,2987012,26621990,2,2d-gp,,1,2,0,13379881,0,0,1145549,994603,1145549,994603,2140152,4582196,3978412,8560608,2140152,2140152.000000,2140152
matrices/FullChip.mtx,2987012,2987012,26621990,2,2d-gp,,1,2,1,13242109,0,0,994603,1145549,994603,1145549,2140152,3978412,4582196,8560608,2140152,2140152.000000,2140152
matrices/FullChip.mtx,2987012,2987012,26621990,4,1d-cyclic,,2,2,0,5624706,1925925,1695292,0,0,1925925,1695292,3621217,7703700,6781168,14484868,3621217,3738974.500000,3859321
matrices/FullChip.mtx,2987012,2987012,26621990,4,1d-cyclic,,2,2,1,7629371,1770870,2036277,0,0,1770870,2036277,3807147,7083480,8145108,15228588,3621217,3738974.500000,3859321
matrices/FullChip.mtx,2987012,2987012,26621990,4,1d-cyclic,,2,2,2,7846408,1789066,2070255,0,0,1789066,2070255,3859321,7156264,8281020,15437284,3621217,3738974.500000,3859321
matrices/FullChip.mtx,2987012,2987012,26621990,4,1d-cyclic,,2,2,3,5521505,1992088,1676125,0,0,1992088,1676125,3668213,7968352,6704500,14672852,3621217,3738974.500000,3859321
matrices/FullChip.mtx,2987012,2987012,26621990,4,1d-block,,2,2,0,10941639,255964,2238877,0,0,255964,2238877,2494841,1023856,8955508,9979364,1179165,1651944.500000,2494841
matrices/FullChip.mtx,2987012,2987012,26621990,4,1d-block,,2,2,1,5493501,893665,627093,0,0,893665,627093,1520758,3574660,2508372,6083032,1179165,1651944.500000,2494841
matrices/FullChip.mtx,2987012,2987012,26621990,4,1d-block,,2,2,2,5090138,1101475,311539,0,0,1101475,311539,1413014,4405900,1246156,5652056,1179165,1651944.500000,2494841
matrices/FullChip.mtx,2987012,2987012,26621990,4,1d-block,,2,2,3,5096712,1052785,126380,0,0,1052785,126380,1179165,4211140,505520,4716660,1179165,1651944.500000,2494841
matrices/FullChip.mtx,2987012,2987012,26621990,4,1d-gp,,2,2,0,6843865,508310,1623160,0,0,508310,1623160,2131470,2033240,6492640,8525880,1229053,1740517.000000,2284052
matrices/FullChip.mtx,2987012,2987012,26621990,4,1d-gp,,2,2,1,6461335,1301826,15667,0,0,1301826,15667,1317493,5207304,62668,5269972,1229053,1740517.000000,2284052
matrices/FullChip.mtx,2987012,2987012,26621990,4,1d-gp,,2,2,2,6855452,462061,1821991,0,0,462061,1821991,2284052,1848244,7287964,9136208,1229053,1740517.000000,2284052
matrices/FullChip.mtx,2987012,2987012,26621990,4,1d-gp,,2,2,3,6461338,1208837,20216,0,0,1208837,20216,1229053,4835348,80864,4916212,1229053,1740517.000000,2284052
matrices/FullChip.mtx,2987012,2987012,26621990,4,1d-lra,0.350000000,2,2,0,5519770,675338,1894902,0,0,675338,1894902,2570240,2701352,7579608,10280960,2288676,2610339.000000,2942157
matrices/FullChip.mtx,2987012,2987012,26621990,4,1d-lra,0.350000000,2,2,1,7791224,983094,1959063,0,0,983094,1959063,2942157,3932376,7836252,11768628,2288676,2610339.000000,2942157
matrices/FullChip.mtx,2987012,2987012,26621990,4,1d-lra,0.350000000,2,2,2,6655494,1759578,880705,0,0,1759578,880705,2640283,7038312,3522820,10561132,2288676,2610339.000000,2942157
matrices/FullChip.mtx,2987012,2987012,26621990,4,1d-lra,0.350000000,2,2,3,6655502,1802668,486008,0,0,1802668,486008,2288676,7210672,1944032,9154704,2288676,2610339.000000,2942157
matrices/FullChip.mtx,2987012,2987012,26621990,4,2d-block,,2,2,0,10133295,170883,746667,746753,98998,917636,845665,1763301,3670544,3382660,7053204,1763301,1874177.000000,1985053
matrices/FullChip.mtx,2987012,2987012,26621990,4,2d-block,,2,2,1,6301836,746667,170883,745625,142006,1492292,312889,1805181,5969168,1251556,7220724,1763301,1874177.000000,1985053
matrices/FullChip.mtx,2987012,2987012,26621990,4,2d-block,,2,2,2,5898482,351965,745457,98998,746753,450963,1492210,1943173,1803852,5968840,7772692,1763301,1874177.000000,1985053
matrices/FullChip.mtx,2987012,2987012,26621990,4,2d-block,,2,2,3,4288377,745457,351965,142006,745625,887463,1097590,1985053,3549852,4390360,7940212,1763301,1874177.000000,1985053
matrices/FullChip.mtx,2987012,2987012,26621990,4,2d-gp,,2,2,0,6964011,13973,860681,448501,494691,462474,1355372,1817846,1849896,5421488,7271384,1779089,1926786.500000,2074484
matrices/FullChip.mtx,2987012,2987012,26621990,4,2d-gp,,2,2,1,6341189,860681,13973,538586,661244,1399267,675217,2074484,5597068,2700868,8297936,1779089,1926786.500000,2074484
matrices/FullChip.mtx,2987012,2987012,26621990,4,2d-gp,,2,2,2,6735306,13854,822043,494691,448501,508545,1270544,1779089,2034180,5082176,7116356,1779089,1926786.500000,2074484
matrices/FullChip.mtx,2987012,2987012,26621990,4,2d-gp,,2,2,3,6581484,822043,13854,661244,538586,1483287,552440,2035727,5933148,2209760,8142908,1779089,1926786.500000,2074484
matrices/Si41Ge41H72.mtx,185639,185639,15011265,2,1d-cyclic,,1,2,0,7499442,92820,92819,0,0,92820,92819,185639,371280,371276,742556,185639,185639.000000,185639
matrices/Si41Ge41H72.mtx,185639,185639,15011265,2,1d-cyclic,,1,2,1,7511823,92819,92820,0,0,92819,92820,185639,371276,371280,742556,185639,185639.000000,185639
matrices/Si41Ge41H72.mtx,185639,185639,15011265,2,1d-block,,1,2,0,7739162,23492,23374,0,0,23492,23374,46866,93968,93496,187464,46866,46866.000000,46866
matrices/Si41Ge41H72.mtx,185639,185639,15011265,2,1d-block,,1,2,1,7272103,23374,23492,0,0,23374,23492,46866,93496,93968,187464,46866,46866.000000,46866
matrices/Si41Ge41H72.mtx,185639,185639,15011265,2,1d-gp,,1,2,0,7587350,23224,23177,0,0,23224,23177,46401,92896,92708,185604,46401,46401.000000,46401
matrices/Si41Ge41H72.mtx,185639,185639,15011265,2,1d-gp,,1,2,1,7423915,23177,23224,0,0,23177,23224,46401,92708,92896,185604,46401,46401.000000,46401
matrices/Si41Ge41H72.mtx,185639,185639,15011265,2,1d-lra,0.350000000,1,2,0,7505605,45652,63857,0,0,45652,63857,109509,182608,255428,438036,109509,109509.000000,109509
matrices/Si41Ge41H72.mtx,185639,185639,15011265,2,1d-lra,0.350000000,1,2,1,7505660,63857,45652,0,0,63857,45652,109509,255428,182608,438036,109509,109509.000000,109509
matrices/Si41Ge41H72.mtx,185639,185639,15011265,2,2d-block,,1,2,0,7739162,0,0,23374,23492,23374,23492,46866,93496,93968,187464,46866,46866.000000,46866
matrices/Si41Ge41H72.mtx,185639,185639,15011265,2,2d-block,,1,2,1,7272103,0,0,23492,23374,23492,23374,46866,93968,93496,187464,46866,46866.000000,46866
matrices/Si41Ge41H72.mtx,185639,185639,15011265,2,2d-gp,,1,2,0,7587350,0,0,23177,23224,23177,23224,46401,92708,92896,185604,46401,46401.000000,46401
matrices/Si41Ge41H72.mtx,185639,185639,15011265,2,2d-gp,,1,2,1,7423915,0,0,23224,23177,23224,23177,46401,92896,92708,185604,46401,46401.000000,46401
matrices/Si41Ge41H72.mtx,185639,185639,15011265,4,1d-cyclic,,2,2,0,3731001,139230,139229,0,0,139230,139229,278459,556920,556916,1113836,278455,278457.500000,278459
matrices/Si41Ge41H72.mtx,185639,185639,15011265,4,1d-cyclic,,2,2,1,3747802,139228,139229,0,0,139228,139229,278457,556912,556916,1113828,278455,278457.500000,278459
matrices/Si41Ge41H72.mtx,185639,185639,15011265,4,1d-cyclic,,2,2,2,3768441,139230,139229,0,0,139230,139229,278459,556920,556916,1113836,278455,278457.500000,278459
matrices/Si41Ge41H72.mtx,185639,185639,15011265,4,1d-cyclic,,2,2,3,3764021,139227,139228,0,0,139227,139228,278455,556908,556912,1113820,278455,278457.500000,278459
matrices/Si41Ge41H72.mtx,185639,185639,15011265,4,1d-block,,2,2,0,2644290,19201,20705,0,0,19201,20705,39906,76804,82820,159624,39775,63273.500000,86772
matrices/Si41Ge41H72.mtx,185639,185639,15011265,4,1d-block,,2,2,1,5094872,44197,42575,0,0,44197,42575,86772,176788,170300,347088,39775,63273.500000,86772
matrices/Si41Ge41H72.mtx,185639,185639,15011265,4,1d-block,,2,2,2,4780952,43948,42693,0,0,43948,42693,86641,175792,170772,346564,39775,63273.500000,86772
matrices/Si41Ge41H72.mtx,185639,185639,15011265,4,1d-block,,2,2,3,2491151,19201,20574,0,0,19201,20574,39775,76804,82296,159100,39775,63273.500000,86772
matrices/Si41Ge41H72.mtx,185639,185639,15011265,4,1d-gp,,2,2,0,3734167,24032,23830,0,0,24032,23830,47862,96128,95320,191448,46134,47196.000000,48289
matrices/Si41Ge41H72.mtx,185639,185639,15011265,4,1d-gp,,2,2,1,3643336,22372,24127,0,0,22372,24127,46499,89488,96508,185996,46134,47196.000000,48289
matrices/Si41Ge41H72.mtx,185639,185639,15011265,4,1d-gp,,2,2,2,3768189,24389,23900,0,0,24389,23900,48289,97556,95600,193156,46134,47196.000000,48289
matrices/Si41Ge41H72.mtx,185639,185639,15011265,4,1d-gp,,2,2,3,3865573,23599,22535,0,0,23599,22535,46134,94396,90140,184536,46134,47196.000000,48289
matrices/Si41Ge41H72.mtx,185639,185639,15011265,4,1d-lra,0.350000000,2,2,0,3752882,48086,63810,0,0,48086,63810,111896,192344,255240,447584,111896,142959.000000,163522
matrices/Si41Ge41H72.mtx,185639,185639,15011265,4,1d-lra,0.350000000,2,2,1,3752723,80690,82832,0,0,80690,82832,163522,322760,331328,654088,111896,142959.000000,163522
matrices/Si41Ge41H72.mtx,185639,185639,15011265,4,1d-lra,0.350000000,2,2,2,3752713,78423,80591,0,0,78423,80591,159014,313692,322364,636056,111896,142959.000000,163522
matrices/Si41Ge41H72.mtx,185639,185639,15011265,4,1d-lra,0.350000000,2,2,3,3752947,78719,58685,0,0,78719,58685,137404,314876,234740,549616,111896,142959.000000,163522
matrices/Si41Ge41H72.mtx,185639,185639,15011265,4,2d-block,,2,2,0,3117044,19201,44104,23374,0,42575,44104,86679,170300,176416,346716,86523,86660.000000,86797
matrices/Si41Ge41H72.mtx,185639,185639,15011265,4,2d-block,,2,2,1,4622118,44104,19201,0,23492,44104,42693,86797,176416,170772,347188,86523,86660.000000,86797
matrices/Si41Ge41H72.mtx,185639,185639,15011265,4,2d-block,,2,2,2,4308198,43948,19201,0,23374,43948,42575,86523,175792,170300,346092,86523,86660.000000,86797
matrices/Si41Ge41H72.mtx,185639,185639,15011265,4,2d-block,,2,2,3,2963905,19201,43948,23492,0,42693,43948,86641,170772,175792,346564,86523,86660.000000,86797
matrices/Si41Ge41H72.mtx,185639,185639,15011265,4,2d-gp,,2,2,0,3734726,11277,11584,12345,12726,23622,24310,47932,94488,97240,191728,45005,46655.000000,48305
matrices/Si41Ge41H72.mtx,185639,185639,15011265,4,2d-gp,,2,2,1,3642777,11584,11277,11561,10583,23145,21860,45005,92580,87440,180020,45005,46655.000000,48305
matrices/Si41Ge41H72.mtx,185639,185639,15011265,4,2d-gp,,2,2,2,3767630,11948,11286,12726,12345,24674,23631,48305,98696,94524,193220,45005,46655.000000,48305
matrices/Si41Ge41H72.mtx,185639,185639,15011265,4,2d-gp,,2,2,3,3866132,11286,11948,10583,11561,21869,23509,45378,87476,94036,181512,45005,46655.000000,48305
matrices/bone010.mtx,986703,986703,71666325,2,1d-cyclic,,1,2,0,35833350,493352,493351,0,0,493352,493351,986703,1973408,1973404,3946812,986703,986703.000000,986703
matrices/bone010.mtx,986703,986703,71666325,2,1d-cyclic,,1,2,1,35832975,493351,493352,0,0,493351,493352,986703,1973404,1973408,3946812,986703,986703.000000,986703
matrices/bone010.mtx,986703,986703,71666325,2,1d-block,,1,2,0,36269253,7013,7018,0,0,7013,7018,14031,28052,28072,56124,14031,14031.000000,14031
matrices/bone010.mtx,986703,986703,71666325,2,1d-block,,1,2,1,35397072,7018,7013,0,0,7018,7013,14031,28072,28052,56124,14031,14031.000000,14031
matrices/bone010.mtx,986703,986703,71666325,2,1d-gp,,1,2,0,35855910,6906,6966,0,0,6906,6966,13872,27624,27864,55488,13872,13872.000000,13872
matrices/bone010.mtx,986703,986703,71666325,2,1d-gp,,1,2,1,35810415,6966,6906,0,0,6966,6906,13872,27864,27624,55488,13872,13872.000000,13872
matrices/bone010.mtx,986703,986703,71666325,2,1d-lra,0.350000000,1,2,0,35833146,29255,29275,0,0,29255,29275,58530,117020,117100,234120,58530,58530.000000,58530
matrices/bone010.mtx,986703,986703,71666325,2,1d-lra,0.350000000,1,2,1,35833179,29275,29255,0,0,29275,29255,58530,117100,117020,234120,58530,58530.000000,58530
matrices/bone010.mtx,986703,986703,71666325,2,2d-block,,1,2,0,36269253,0,0,7018,7013,7018,7013,14031,28072,28052,56124,14031,14031.000000,14031
matrices/bone010.mtx,986703,986703,71666325,2,2d-block,,1,2,1,35397072,0,0,7013,7018,7013,7018,14031,28052,28072,56124,14031,14031.000000,14031
matrices/bone010.mtx,986703,986703,71666325,2,2d-gp,,1,2,0,35855910,0,0,6966,6906,6966,6906,13872,27864,27624,55488,13872,13872.000000,13872
matrices/bone010.mtx,986703,986703,71666325,2,2d-gp,,1,2,1,35810415,0,0,6906,6966,6906,6966,13872,27624,27864,55488,13872,13872.000000,13872
matrices/bone010.mtx,986703,986703,71666325,4,1d-cyclic,,2,2,0,17915988,740028,740027,0,0,740028,740027,1480055,2960112,2960108,5920220,1480053,1480054.500000,1480055
matrices/bone010.mtx,986703,986703,71666325,4,1d-cyclic,,2,2,1,17913681,740028,740027,0,0,740028,740027,1480055,2960112,2960108,5920220,1480053,1480054.500000,1480055
matrices/bone010.mtx,986703,986703,71666325,4,1d-cyclic,,2,2,2,17917362,740028,740027,0,0,740028,740027,1480055,2960112,2960108,5920220,1480053,1480054.500000,1480055
matrices/bone010.mtx,986703,986703,71666325,4,1d-cyclic,,2,2,3,17919294,740025,740028,0,0,740025,740028,1480053,2960100,2960112,5920212,1480053,1480054.500000,1480055
matrices/bone010.mtx,986703,986703,71666325,4,1d-block,,2,2,0,17948025,12484,12479,0,0,12484,12479,24963,49936,49916,99852,19077,29035.500000,38994
matrices/bone010.mtx,986703,986703,71666325,4,1d-block,,2,2,1,18321228,19492,19502,0,0,19492,19502,38994,77968,78008,155976,19077,29035.500000,38994
matrices/bone010.mtx,986703,986703,71666325,4,1d-block,,2,2,2,17735301,16558,16550,0,0,16558,16550,33108,66232,66200,132432,19077,29035.500000,38994
matrices/bone010.mtx,986703,986703,71666325,4,1d-block,,2,2,3,17661771,9537,9540,0,0,9537,9540,19077,38148,38160,76308,19077,29035.500000,38994
matrices/bone010.mtx,986703,986703,71666325,4,1d-gp,,2,2,0,17863983,5652,5757,0,0,5652,5757,11409,22608,23028,45636,7791,14629.500000,21342
matrices/bone010.mtx,986703,986703,71666325,4,1d-gp,,2,2,1,17933625,9072,8904,0,0,9072,8904,17976,36288,35616,71904,7791,14629.500000,21342
matrices/bone010.mtx,986703,986703,71666325,4,1d-gp,,2,2,2,17904276,10632,10710,0,0,10632,10710,21342,42528,42840,85368,7791,14629.500000,21342
matrices/bone010.mtx,986703,986703,71666325,4,1d-gp,,2,2,3,17964441,3903,3888,0,0,3903,3888,7791,15612,15552,31164,7791,14629.500000,21342
matrices/bone010.mtx,986703,986703,71666325,4,1d-lra,0.350000000,2,2,0,17916567,27183,27186,0,0,27183,27186,54369,108732,108744,217476,54369,68203.500000,82038
matrices/bone010.mtx,986703,986703,71666325,4,1d-lra,0.350000000,2,2,1,17916579,34331,34348,0,0,34331,34348,68679,137324,137392,274716,54369,68203.500000,82038
matrices/bone010.mtx,986703,986703,71666325,4,1d-lra,0.350000000,2,2,2,17916609,41037,41001,0,0,41037,41001,82038,164148,164004,328152,54369,68203.500000,82038
matrices/bone010.mtx,986703,986703,71666325,4,1d-lra,0.350000000,2,2,3,17916570,33856,33872,0,0,33856,33872,67728,135424,135488,270912,54369,68203.500000,82038
matrices/bone010.mtx,986703,986703,71666325,4,2d-block,,2,2,0,18120908,12484,19492,7018,0,19502,19492,38994,78008,77968,155976,33108,36051.000000,38994
matrices/bone010.mtx,986703,986703,71666325,4,2d-block,,2,2,1,18148345,19492,12484,0,7013,19492,19497,38989,77968,77988,155956,33108,36051.000000,38994
matrices/bone010.mtx,986703,986703,71666325,4,2d-block,,2,2,2,17562418,16558,9537,0,7018,16558,16555,33113,66232,66220,132452,33108,36051.000000,38994
matrices/bone010.mtx,986703,986703,71666325,4,2d-block,,2,2,3,17834654,9537,16558,7013,0,16550,16558,33108,66200,66232,132432,33108,36051.000000,38994
matrices/bone010.mtx,986703,986703,71666325,4,2d-gp,,2,2,0,17954640,3885,8997,6678,1767,10563,10764,21327,42252,43056,85308,17850,19588.500000,21327
matrices/bone010.mtx,986703,986703,71666325,4,2d-gp,,2,2,1,17842968,8997,3885,0,5040,8997,8925,17922,35988,35700,71688,17850,19588.500000,21327
matrices/bone010.mtx,986703,986703,71666325,4,2d-gp,,2,2,2,17813619,8907,3903,1767,6678,10674,10581,21255,42696,42324,85020,17850,19588.500000,21327
matrices/bone010.mtx,986703,986703,71666325,4,2d-gp,,2,2,3,18055098,3903,8907,5040,0,8943,8907,17850,35772,35628,71400,17850,19588.500000,21327
matrices/eu-2005.mtx,862664,862664,19235140,2,1d-cyclic,,1,2,0,9608613,367603,360823,0,0,367603,360823,728426,1470412,1443292,2913704,728426,728426.000000,728426
matrices/eu-2005.mtx,862664,862664,19235140,2,1d-cyclic,,1,2,1,9626527,360823,367603,0,0,360823,367603,728426,1443292,1470412,2913704,728426,728426.000000,728426
matrices/eu-2005.mtx,862664,862664,19235140,2,1d-block,,1,2,0,10025914,66365,53595,0,0,66365,53595,119960,265460,214380,479840,119960,119960.000000,119960
matrices/eu-2005.mtx,862664,862664,19235140,2,1d-block,,1,2,1,9209226,53595,66365,0,0,53595,66365,119960,214380,265460,479840,119960,119960.000000,119960
matrices/eu-2005.mtx,862664,862664,19235140,2,1d-gp,,1,2,0,9689001,2985,1545,0,0,2985,1545,4530,11940,6180,18120,4530,4530.000000,4530
matrices/eu-2005.mtx,862664,862664,19235140,2,1d-gp,,1,2,1,9546139,1545,2985,0,0,1545,2985,4530,6180,11940,18120,4530,4530.000000,4530
matrices/eu-2005.mtx,862664,862664,19235140,2,1d-lra,0.350000000,1,2,0,9617560,66108,66886,0,0,66108,66886,132994,264432,267544,531976,132994,132994.000000,132994
matrices/eu-2005.mtx,862664,862664,19235140,2,1d-lra,0.350000000,1,2,1,9617580,66886,66108,0,0,66886,66108,132994,267544,264432,531976,132994,132994.000000,132994
matrices/eu-2005.mtx,862664,862664,19235140,2,2d-block,,1,2,0,9985275,0,0,143604,165159,143604,165159,308763,574416,660636,1235052,308763,308763.000000,308763
matrices/eu-2005.mtx,862664,862664,19235140,2,2d-block,,1,2,1,9249865,0,0,165159,143604,165159,143604,308763,660636,574416,1235052,308763,308763.000000,308763
matrices/eu-2005.mtx,862664,862664,19235140,2,2d-gp,,1,2,0,9699202,0,0,14312,7421,14312,7421,21733,57248,29684,86932,21733,21733.000000,21733
matrices/eu-2005.mtx,862664,862664,19235140,2,2d-gp,,1,2,1,9535938,0,0,7421,14312,7421,14312,21733,29684,57248,86932,21733,21733.000000,21733
matrices/eu-2005.mtx,862664,862664,19235140,4,1d-cyclic,,2,2,0,4803691,430018,427206,0,0,430018,427206,857224,1720072,1708824,3428896,856489,858256.000000,860063
matrices/eu-2005.mtx,862664,862664,19235140,4,1d-cyclic,,2,2,1,4809856,428406,430842,0,0,428406,430842,859248,1713624,1723368,3436992,856489,858256.000000,860063
matrices/eu-2005.mtx,862664,862664,19235140,4,1d-cyclic,,2,2,2,4804922,429490,426999,0,0,429490,426999,856489,1717960,1707996,3425956,856489,858256.000000,860063
matrices/eu-2005.mtx,862664,862664,19235140,4,1d-cyclic,,2,2,3,4816671,428598,431465,0,0,428598,431465,860063,1714392,1725860,3440252,856489,858256.000000,860063
matrices/eu-2005.mtx,862664,862664,19235140,4,1d-block,,2,2,0,4945675,84938,62555,0,0,84938,62555,147493,339752,250220,589972,113882,128634.000000,147493
matrices/eu-2005.mtx,862664,862664,19235140,4,1d-block,,2,2,1,5080239,64771,69119,0,0,64771,69119,133890,259084,276476,535560,113882,128634.000000,147493
matrices/eu-2005.mtx,862664,862664,19235140,4,1d-block,,2,2,2,4254269,52854,66417,0,0,52854,66417,119271,211416,265668,477084,113882,128634.000000,147493
matrices/eu-2005.mtx,862664,862664,19235140,4,1d-block,,2,2,3,4954957,54705,59177,0,0,54705,59177,113882,218820,236708,455528,113882,128634.000000,147493
matrices/eu-2005.mtx,862664,862664,19235140,4,1d-gp,,2,2,0,4912199,7261,8723,0,0,7261,8723,15984,29044,34892,63936,2669,11412.500000,15984
matrices/eu-2005.mtx,862664,862664,19235140,4,1d-gp,,2,2,1,4749249,3699,10843,0,0,3699,10843,14542,14796,43372,58168,2669,11412.500000,15984
matrices/eu-2005.mtx,862664,862664,19235140,4,1d-gp,,2,2,2,4797406,1599,1070,0,0,1599,1070,2669,6396,4280,10676,2669,11412.500000,15984
matrices/eu-2005.mtx,862664,862664,19235140,4,1d-gp,,2,2,3,4776286,10266,2189,0,0,10266,2189,12455,41064,8756,49820,2669,11412.500000,15984
matrices/eu-2005.mtx,862664,862664,19235140,4,1d-lra,0.350000000,2,2,0,4808787,77274,76929,0,0,77274,76929,154203,309096,307716,616812,103432,131864.500000,154203
matrices/eu-2005.mtx,862664,862664,19235140,4,1d-lra,0.350000000,2,2,1,4808773,53186,50246,0,0,53186,50246,103432,212744,200984,413728,103432,131864.500000,154203
matrices/eu-2005.mtx,862664,862664,19235140,4,1d-lra,0.350000000,2,2,2,4808856,75936,72733,0,0,75936,72733,148669,303744,290932,594676,103432,131864.500000,154203
matrices/eu-2005.mtx,862664,862664,19235140,4,1d-lra,0.350000000,2,2,3,4808724,57333,63821,0,0,57333,63821,121154,229332,255284,484616,103432,131864.500000,154203
matrices/eu-2005.mtx,862664,862664,19235140,4,2d-block,,2,2,0,4949007,47348,36023,50420,81538,97768,117561,215329,391072,470244,861316,190034,225105.000000,260176
matrices/eu-2005.mtx,862664,862664,19235140,4,2d-block,,2,2,1,5036268,36023,47348,93184,83621,129207,130969,260176,516828,523876,1040704,190034,225105.000000,260176
matrices/eu-2005.mtx,862664,862664,19235140,4,2d-block,,2,2,2,4250937,26748,31328,81538,50420,108286,81748,190034,433144,326992,760136,190034,225105.000000,260176
matrices/eu-2005.mtx,862664,862664,19235140,4,2d-block,,2,2,3,4998928,31328,26748,83621,93184,114949,119932,234881,459796,479728,939524,190034,225105.000000,260176
matrices/eu-2005.mtx,862664,862664,19235140,4,2d-gp,,2,2,0,4907483,6262,2911,15645,10242,21907,13153,35060,87628,52612,140240,25034,30047.000000,35060
matrices/eu-2005.mtx,862664,862664,19235140,4,2d-gp,,2,2,1,4769391,2911,6262,14703,4130,17614,10392,28006,70456,41568,112024,25034,30047.000000,35060
matrices/eu-2005.mtx,862664,862664,19235140,4,2d-gp,,2,2,2,4802122,748,5453,10242,15645,10990,21098,32088,43960,84392,128352,25034,30047.000000,35060
matrices/eu-2005.mtx,862664,862664,19235140,4,2d-gp,,2,2,3,4756144,5453,748,4130,14703,9583,15451,25034,38332,61804,100136,25034,30047.000000,35060
matrices/nlpkkt240.mtx,27993600,27993600,774472352,2,1d-cyclic,,1,2,0,387236176,13939200,13939200,0,0,13939200,13939200,27878400,55756800,55756800,111513600,27878400,27878400.000000,27878400
matrices/nlpkkt240.mtx,27993600,27993600,774472352,2,1d-cyclic,,1,2,1,387236176,13939200,13939200,0,0,13939200,13939200,27878400,55756800,55756800,111513600,27878400,27878400.000000,27878400
matrices/nlpkkt240.mtx,27993600,27993600,774472352,2,1d-block,,1,2,0,384173675,13996800,13768308,0,0,13996800,13768308,27765108,55987200,55073232,111060432,27765108,27765108.000000,27765108
matrices/nlpkkt240.mtx,27993600,27993600,774472352,2,1d-block,,1,2,1,390298677,13768308,13996800,0,0,13768308,13996800,27765108,55073232,55987200,111060432,27765108,27765108.000000,27765108
matrices/nlpkkt240.mtx,27993600,27993600,774472352,2,1d-gp,,1,2,0,387259222,175696,175620,0,0,175696,175620,351316,702784,702480,1405264,351316,351316.000000,351316
matrices/nlpkkt240.mtx,27993600,27993600,774472352,2,1d-gp,,1,2,1,387213130,175620,175696,0,0,175620,175696,351316,702480,702784,1405264,351316,351316.000000,351316
matrices/nlpkkt240.mtx,27993600,27993600,774472352,2,1d-lra,0.350000000,1,2,0,387236172,4488496,4418070,0,0,4488496,4418070,8906566,17953984,17672280,35626264,8906566,8906566.000000,8906566
matrices/nlpkkt240.mtx,27993600,27993600,774472352,2,1d-lra,0.350000000,1,2,1,387236180,4418070,4488496,0,0,4418070,4488496,8906566,17672280,17953984,35626264,8906566,8906566.000000,8906566
matrices/nlpkkt240.mtx,27993600,27993600,774472352,2,2d-block,,1,2,0,384173675,0,0,13768308,13996800,13768308,13996800,27765108,55073232,55987200,111060432,27765108,27765108.000000,27765108
matrices/nlpkkt240.mtx,27993600,27993600,774472352,2,2d-block,,1,2,1,390298677,0,0,13996800,13768308,13996800,13768308,27765108,55987200,55073232,111060432,27765108,27765108.000000,27765108
matrices/nlpkkt240.mtx,27993600,27993600,774472352,2,2d-gp,,1,2,0,387259222,0,0,175620,175696,175620,175696,351316,702480,702784,1405264,351316,351316.000000,351316
matrices/nlpkkt240.mtx,27993600,27993600,774472352,2,2d-gp,,1,2,1,387213130,0,0,175696,175620,175696,175620,351316,702784,702480,1405264,351316,351316.000000,351316
matrices/nlpkkt240.mtx,27993600,27993600,774472352,4,1d-cyclic,,2,2,0,193615216,17394240,17394240,0,0,17394240,17394240,34788480,69576960,69576960,139153920,34788480,34789440.000000,34790400
matrices/nlpkkt240.mtx,27993600,27993600,774472352,4,1d-cyclic,,2,2,1,193620960,17395200,17395200,0,0,17395200,17395200,34790400,69580800,69580800,139161600,34788480,34789440.000000,34790400
matrices/nlpkkt240.mtx,27993600,27993600,774472352,4,1d-cyclic,,2,2,2,193620960,17395200,17395200,0,0,17395200,17395200,34790400,69580800,69580800,139161600,34788480,34789440.000000,34790400
matrices/nlpkkt240.mtx,27993600,27993600,774472352,4,1d-cyclic,,2,2,3,193615216,17394240,17394240,0,0,17394240,17394240,34788480,69576960,69576960,139153920,34788480,34789440.000000,34790400
matrices/nlpkkt240.mtx,27993600,27993600,774472352,4,1d-block,,2,2,0,191323889,7058642,6884870,0,0,7058642,6884870,13943512,28234568,27539480,55774048,13943512,14171284.000000,14404794
matrices/nlpkkt240.mtx,27993600,27993600,774472352,4,1d-block,,2,2,1,192849786,7055762,6999120,0,0,7055762,6999120,14054882,28223048,27996480,56219528,13943512,14171284.000000,14404794
matrices/nlpkkt240.mtx,27993600,27993600,774472352,4,1d-block,,2,2,2,194347807,7054812,7227136,0,0,7054812,7227136,14281948,28219248,28908544,57127792,13943512,14171284.000000,14404794
matrices/nlpkkt240.mtx,27993600,27993600,774472352,4,1d-block,,2,2,3,195950870,7173352,7231442,0,0,7173352,7231442,14404794,28693408,28925768,57619176,13943512,14171284.000000,14404794
matrices/nlpkkt240.mtx,27993600,27993600,774472352,4,1d-gp,,2,2,0,193531479,158256,158702,0,0,158256,158702,316958,633024,634808,1267832,316958,353206.000000,408564
matrices/nlpkkt240.mtx,27993600,27993600,774472352,4,1d-gp,,2,2,1,193674363,183980,183494,0,0,183980,183494,367474,735920,733976,1469896,316958,353206.000000,408564
matrices/nlpkkt240.mtx,27993600,27993600,774472352,4,1d-gp,,2,2,2,193608087,159732,160096,0,0,159732,160096,319828,638928,640384,1279312,316958,353206.000000,408564
matrices/nlpkkt240.mtx,27993600,27993600,774472352,4,1d-gp,,2,2,3,193658423,204444,204120,0,0,204444,204120,408564,817776,816480,1634256,316958,353206.000000,408564
matrices/nlpkkt240.mtx,27993600,27993600,774472352,4,1d-lra,0.350000000,2,2,0,193618072,6589743,6482921,0,0,6589743,6482921,13072664,26358972,25931684,52290656,4627588,8850126.000000,13072664
matrices/nlpkkt240.mtx,27993600,27993600,774472352,4,1d-lra,0.350000000,2,2,1,193618100,2298139,2334535,0,0,2298139,2334535,4632674,9192556,9338140,18530696,4627588,8850126.000000,13072664
matrices/nlpkkt240.mtx,27993600,27993600,774472352,4,1d-lra,0.350000000,2,2,2,193618090,2295583,2332005,0,0,2295583,2332005,4627588,9182332,9328020,18510352,4627588,8850126.000000,13072664
matrices/nlpkkt240.mtx,27993600,27993600,774472352,4,1d-lra,0.350000000,2,2,3,193618090,6516787,6550791,0,0,6516787,6550791,13067578,26067148,26203164,52270312,4627588,8850126.000000,13072664
matrices/nlpkkt240.mtx,27993600,27993600,774472352,4,2d-block,,2,2,0,191285306,60242,57362,6825600,6998400,6885842,7055762,13941604,27543368,28223048,55766416,13941604,14171284.000000,14400964
matrices/nlpkkt240.mtx,27993600,27993600,774472352,4,2d-block,,2,2,1,192888369,57362,60242,6942708,6998400,7000070,7058642,14058712,28000280,28234568,56234848,13941604,14171284.000000,14400964
matrices/nlpkkt240.mtx,27993600,27993600,774472352,4,2d-block,,2,2,2,194386390,229212,230644,6998400,6825600,7227612,7056244,14283856,28910448,28224976,57135424,13941604,14171284.000000,14400964
matrices/nlpkkt240.mtx,27993600,27993600,774472352,4,2d-block,,2,2,3,195912287,230644,229212,6998400,6942708,7229044,7171920,14400964,28916176,28687680,57603856,13941604,14171284.000000,14400964
matrices/nlpkkt240.mtx,27993600,27993600,774472352,4,2d-gp,,2,2,0,193496275,157284,149119,69393,78920,226677,228039,454716,906708,912156,1818864,454716,499731.000000,544746
matrices/nlpkkt240.mtx,27993600,27993600,774472352,4,2d-gp,,2,2,1,193709567,149119,157284,112929,103394,262048,260678,522726,1048192,1042712,2090904,454716,499731.000000,544746
matrices/nlpkkt240.mtx,27993600,27993600,774472352,4,2d-gp,,2,2,2,193643291,158744,169679,78920,69393,237664,239072,476736,950656,956288,1906944,454716,499731.000000,544746
matrices/nlpkkt240.mtx,27993600,27993600,774472352,4,2d-gp,,2,2,3,193623219,169679,158744,103394,112929,273073,271673,544746,1092292,1086692,2178984,454716,499731.000000,544746
matrices/rajat31.mtx,4690002,4690002,20316253,2,1d-cyclic,,1,2,0,10157502,1954376,1954376,0,0,1954376,1954376,3908752,7817504,7817504,15635008,3908752,3908752.000000,3908752
matrices/rajat31.mtx,4690002,4690002,20316253,2,1d-cyclic,,1,2,1,10158751,1954376,1954376,0,0,1954376,1954376,3908752,7817504,7817504,15635008,3908752,3908752.000000,3908752
matrices/rajat31.mtx,4690002,4690002,20316253,2,1d-block,,1,2,0,10160732,2646,3276,0,0,2646,3276,5922,10584,13104,23688,5922,5922.000000,5922
matrices/rajat31.mtx,4690002,4690002,20316253,2,1d-block,,1,2,1,10155521,3276,2646,0,0,3276,2646,5922,13104,10584,23688,5922,5922.000000,5922
matrices/rajat31.mtx,4690002,4690002,20316253,2,1d-gp,,1,2,0,10156204,1745,1745,0,0,1745,1745,3490,6980,6980,13960,3490,3490.000000,3490
matrices/rajat31.mtx,4690002,4690002,20316253,2,1d-gp,,1,2,1,10160049,1745,1745,0,0,1745,1745,3490,6980,6980,13960,3490,3490.000000,3490
matrices/rajat31.mtx,4690002,4690002,20316253,2,1d-lra,0.350000000,1,2,0,10158129,5348,5986,0,0,5348,5986,11334,21392,23944,45336,11334,11334.000000,11334
matrices/rajat31.mtx,4690002,4690002,20316253,2,1d-lra,0.350000000,1,2,1,10158124,5986,5348,0,0,5986,5348,11334,23944,21392,45336,11334,11334.000000,11334
matrices/rajat31.mtx,4690002,4690002,20316253,2,2d-block,,1,2,0,10160732,0,0,3276,2646,3276,2646,5922,13104,10584,23688,5922,5922.000000,5922
matrices/rajat31.mtx,4690002,4690002,20316253,2,2d-block,,1,2,1,10155521,0,0,2646,3276,2646,3276,5922,10584,13104,23688,5922,5922.000000,5922
matrices/rajat31.mtx,4690002,4690002,20316253,2,2d-gp,,1,2,0,10156204,0,0,1745,1745,1745,1745,3490,6980,6980,13960,3490,3490.000000,3490
matrices/rajat31.mtx,4690002,4690002,20316253,2,2d-gp,,1,2,1,10160049,0,0,1745,1745,1745,1745,3490,6980,6980,13960,3490,3490.000000,3490
matrices/rajat31.mtx,4690002,4690002,20316253,4,1d-cyclic,,2,2,0,5078127,2016251,2016251,0,0,2016251,2016251,4032502,8065004,8065004,16130008,3690000,3861563.000000,4033126
matrices/rajat31.mtx,4690002,4690002,20316253,4,1d-cyclic,,2,2,1,5079377,2016563,2016563,0,0,2016563,2016563,4033126,8066252,8066252,16132504,3690000,3861563.000000,4033126
matrices/rajat31.mtx,4690002,4690002,20316253,4,1d-cyclic,,2,2,2,5079375,1844688,1845312,0,0,1844688,1845312,3690000,7378752,7381248,14760000,3690000,3861563.000000,4033126
matrices/rajat31.mtx,4690002,4690002,20316253,4,1d-cyclic,,2,2,3,5079374,1845624,1845000,0,0,1845624,1845000,3690624,7382496,7380000,14762496,3690000,3861563.000000,4033126
matrices/rajat31.mtx,4690002,4690002,20316253,4,1d-block,,2,2,0,5080142,3176,3531,0,0,3176,3531,6707,12704,14124,26828,5464,6079.000000,6707
matrices/rajat31.mtx,4690002,4690002,20316253,4,1d-block,,2,2,1,5080595,3055,3019,0,0,3055,3019,6074,12220,12076,24296,5464,6079.000000,6707
matrices/rajat31.mtx,4690002,4690002,20316253,4,1d-block,,2,2,2,5080488,3057,3014,0,0,3057,3014,6071,12228,12056,24284,5464,6079.000000,6707
matrices/rajat31.mtx,4690002,4690002,20316253,4,1d-block,,2,2,3,5075028,2870,2594,0,0,2870,2594,5464,11480,10376,21856,5464,6079.000000,6707
matrices/rajat31.mtx,4690002,4690002,20316253,4,1d-gp,,2,2,0,5078633,1741,1741,0,0,1741,1741,3482,6964,6964,13928,3136,3683.000000,4238
matrices/rajat31.mtx,4690002,4690002,20316253,4,1d-gp,,2,2,1,5079480,1568,1568,0,0,1568,1568,3136,6272,6272,12544,3136,3683.000000,4238
matrices/rajat31.mtx,4690002,4690002,20316253,4,1d-gp,,2,2,2,5079559,1653,2223,0,0,1653,2223,3876,6612,8892,15504,3136,3683.000000,4238
matrices/rajat31.mtx,4690002,4690002,20316253,4,1d-gp,,2,2,3,5078581,2404,1834,0,0,2404,1834,4238,9616,7336,16952,3136,3683.000000,4238
matrices/rajat31.mtx,4690002,4690002,20316253,4,1d-lra,0.350000000,2,2,0,5079060,5841,6124,0,0,5841,6124,11965,23364,24496,47860,11147,11488.000000,11965
matrices/rajat31.mtx,4690002,4690002,20316253,4,1d-lra,0.350000000,2,2,1,5079069,5551,5596,0,0,5551,5596,11147,22204,22384,44588,11147,11488.000000,11965
matrices/rajat31.mtx,4690002,4690002,20316253,4,1d-lra,0.350000000,2,2,2,5079058,5867,5764,0,0,5867,5764,11631,23468,23056,46524,11147,11488.000000,11965
matrices/rajat31.mtx,4690002,4690002,20316253,4,1d-lra,0.350000000,2,2,3,5079066,5717,5492,0,0,5717,5492,11209,22868,21968,44836,11147,11488.000000,11965
matrices/rajat31.mtx,4690002,4690002,20316253,4,2d-block,,2,2,0,5080041,2556,3055,1714,1251,4270,4306,8576,17080,17224,34304,8567,8574.500000,8582
matrices/rajat31.mtx,4690002,4690002,20316253,4,2d-block,,2,2,1,5080696,3055,2556,1561,1395,4616,3951,8567,18464,15804,34268,8567,8574.500000,8582
matrices/rajat31.mtx,4690002,4690002,20316253,4,2d-block,,2,2,2,5080589,2747,2870,1251,1714,3998,4584,8582,15992,18336,34328,8567,8574.500000,8582
matrices/rajat31.mtx,4690002,4690002,20316253,4,2d-block,,2,2,3,5074927,2870,2747,1395,1561,4265,4308,8573,17060,17232,34292,8567,8574.500000,8582
matrices/rajat31.mtx,4690002,4690002,20316253,4,2d-gp,,2,2,0,5078456,981,804,760,937,1741,1741,3482,6964,6964,13928,3482,3860.000000,4238
matrices/rajat31.mtx,4690002,4690002,20316253,4,2d-gp,,2,2,1,5079657,804,981,941,764,1745,1745,3490,6980,6980,13960,3482,3860.000000,4238
matrices/rajat31.mtx,4690002,4690002,20316253,4,2d-gp,,2,2,2,5079736,893,1640,937,760,1830,2400,4230,7320,9600,16920,3482,3860.000000,4238
matrices/rajat31.mtx,4690002,4690002,20316253,4,2d-gp,,2,2,3,5078404,1640,893,764,941,2404,1834,4238,9616,7336,16952,3482,3860.000000,4238
matrices/rmat_22.mtx,4194304,4194304,37748204,2,1d-cyclic,,1,2,0,18947394,665587,668103,0,0,665587,668103,1333690,2662348,2672412,5334760,1333690,1333690.000000,1333690
matrices/rmat_22.mtx,4194304,4194304,37748204,2,1d-cyclic,,1,2,1,18800810,668103,665587,0,0,668103,665587,1333690,2672412,2662348,5334760,1333690,1333690.000000,1333690
matrices/rmat_22.mtx,4194304,4194304,37748204,2,1d-block,,1,2,0,19291819,659278,672688,0,0,659278,672688,1331966,2637112,2690752,5327864,1331966,1331966.000000,1331966
matrices/rmat_22.mtx,4194304,4194304,37748204,2,1d-block,,1,2,1,18456385,672688,659278,0,0,672688,659278,1331966,2690752,2637112,5327864,1331966,1331966.000000,1331966
matrices/rmat_22.mtx,4194304,4194304,37748204,2,1d-gp,,1,2,0,17330967,458584,472218,0,0,458584,472218,930802,1834336,1888872,3723208,930802,930802.000000,930802
matrices/rmat_22.mtx,4194304,4194304,37748204,2,1d-gp,,1,2,1,20417237,472218,458584,0,0,472218,458584,930802,1888872,1834336,3723208,930802,930802.000000,930802
matrices/rmat_22.mtx,4194304,4194304,37748204,2,1d-lra,0.350000000,1,2,0,18874211,655372,677085,0,0,655372,677085,1332457,2621488,2708340,5329828,1332457,1332457.000000,1332457
matrices/rmat_22.mtx,4194304,4194304,37748204,2,1d-lra,0.350000000,1,2,1,18873993,677085,655372,0,0,677085,655372,1332457,2708340,2621488,5329828,1332457,1332457.000000,1332457
matrices/rmat_22.mtx,4194304,4194304,37748204,2,2d-block,,1,2,0,19291819,0,0,672688,659278,672688,659278,1331966,2690752,2637112,5327864,1331966,1331966.000000,1331966
matrices/rmat_22.mtx,4194304,4194304,37748204,2,2d-block,,1,2,1,18456385,0,0,659278,672688,659278,672688,1331966,2637112,2690752,5327864,1331966,1331966.000000,1331966
matrices/rmat_22.mtx,4194304,4194304,37748204,2,2d-gp,,1,2,0,17330967,0,0,472218,458584,472218,458584,930802,1888872,1834336,3723208,930802,930802.000000,930802
matrices/rmat_22.mtx,4194304,4194304,37748204,2,2d-gp,,1,2,1,20417237,0,0,458584,472218,458584,472218,930802,1834336,1888872,3723208,930802,930802.000000,930802
matrices/rmat_22.mtx,4194304,4194304,37748204,4,1d-cyclic,,2,2,0,9553068,757885,763264,0,0,757885,763264,1521149,3031540,3053056,6084596,1516567,1518198.000000,1521149
matrices/rmat_22.mtx,4194304,4194304,37748204,4,1d-cyclic,,2,2,1,9391172,758774,757793,0,0,758774,757793,1516567,3035096,3031172,6066268,1516567,1518198.000000,1521149
matrices/rmat_22.mtx,4194304,4194304,37748204,4,1d-cyclic,,2,2,2,9394326,759156,757569,0,0,759156,757569,1516725,3036624,3030276,6066900,1516567,1518198.000000,1521149
matrices/rmat_22.mtx,4194304,4194304,37748204,4,1d-cyclic,,2,2,3,9409638,760581,757770,0,0,760581,757770,1518351,3042324,3031080,6073404,1516567,1518198.000000,1521149
matrices/rmat_22.mtx,4194304,4194304,37748204,4,1d-block,,2,2,0,9977979,751003,780399,0,0,751003,780399,1531402,3004012,3121596,6125608,1508605,1517150.000000,1531402
matrices/rmat_22.mtx,4194304,4194304,37748204,4,1d-block,,2,2,1,9313840,760143,753985,0,0,760143,753985,1514128,3040572,3015940,6056512,1508605,1517150.000000,1531402
matrices/rmat_22.mtx,4194304,4194304,37748204,4,1d-block,,2,2,2,9339103,759836,754629,0,0,759836,754629,1514465,3039344,3018516,6057860,1508605,1517150.000000,1531402
matrices/rmat_22.mtx,4194304,4194304,37748204,4,1d-block,,2,2,3,9117282,763318,745287,0,0,763318,745287,1508605,3053272,2981148,6034420,1508605,1517150.000000,1531402
matrices/rmat_22.mtx,4194304,4194304,37748204,4,1d-gp,,2,2,0,9637406,521861,587330,0,0,521861,587330,1109191,2087444,2349320,4436764,1079218,1118788.000000,1144865
matrices/rmat_22.mtx,4194304,4194304,37748204,4,1d-gp,,2,2,1,10213290,568338,576527,0,0,568338,576527,1144865,2273352,2306108,4579460,1079218,1118788.000000,1144865
matrices/rmat_22.mtx,4194304,4194304,37748204,4,1d-gp,,2,2,2,10213496,563541,578337,0,0,563541,578337,1141878,2254164,2313348,4567512,1079218,1118788.000000,1144865
matrices/rmat_22.mtx,4194304,4194304,37748204,4,1d-gp,,2,2,3,7684012,583836,495382,0,0,583836,495382,1079218,2335344,1981528,4316872,1079218,1118788.000000,1144865
matrices/rmat_22.mtx,4194304,4194304,37748204,4,1d-lra,0.350000000,2,2,0,9436119,764379,757343,0,0,764379,757343,1521722,3057516,3029372,6086888,1500661,1518301.000000,1546910
matrices/rmat_22.mtx,4194304,4194304,37748204,4,1d-lra,0.350000000,2,2,1,9438092,730625,770036,0,0,730625,770036,1500661,2922500,3080144,6002644,1500661,1518301.000000,1546910
matrices/rmat_22.mtx,4194304,4194304,37748204,4,1d-lra,0.350000000,2,2,2,9436965,736132,767779,0,0,736132,767779,1503911,2944528,3071116,6015644,1500661,1518301.000000,1546910
matrices/rmat_22.mtx,4194304,4194304,37748204,4,1d-lra,0.350000000,2,2,3,9437028,805466,741444,0,0,805466,741444,1546910,3221864,2965776,6187640,1500661,1518301.000000,1546910
matrices/rmat_22.mtx,4194304,4194304,37748204,4,2d-block,,2,2,0,9874608,329151,336739,335981,329533,665132,666272,1331404,2660528,2665088,5325616,1331404,1332163.500000,1332923
matrices/rmat_22.mtx,4194304,4194304,37748204,4,2d-block,,2,2,1,9417211,336739,329151,336707,329745,673446,658896,1332342,2693784,2635584,5329368,1331404,1332163.500000,1332923
matrices/rmat_22.mtx,4194304,4194304,37748204,4,2d-block,,2,2,2,9442474,329730,336741,329533,335981,659263,672722,1331985,2637052,2690888,5327940,1331404,1332163.500000,1332923
matrices/rmat_22.mtx,4194304,4194304,37748204,4,2d-block,,2,2,3,9013911,336741,329730,329745,336707,666486,666437,1332923,2665944,2665748,5331692,1331404,1332163.500000,1332923
matrices/rmat_22.mtx,4194304,4194304,37748204,4,2d-gp,,2,2,0,10243461,213064,247961,246184,212675,459248,460636,919884,1836992,1842544,3679536,919884,934269.500000,948655
matrices/rmat_22.mtx,4194304,4194304,37748204,4,2d-gp,,2,2,1,9607235,247961,213064,240691,233738,488652,446802,935454,1954608,1787208,3741816,919884,934269.500000,948655
matrices/rmat_22.mtx,4194304,4194304,37748204,4,2d-gp,,2,2,2,9607441,232518,241708,212675,246184,445193,487892,933085,1780772,1951568,3732340,919884,934269.500000,948655
matrices/rmat_22.mtx,4194304,4194304,37748204,4,2d-gp,,2,2,3,8290067,241708,232518,233738,240691,475446,473209,948655,1901784,1892836,3794620,919884,934269.500000,948655
matrices/rmat_24.mtx,16777216,16777216,150994124,2,1d-cyclic,,1,2,0,75389608,2424125,2421107,0,0,2424125,2421107,4845232,9696500,9684428,19380928,4845232,4845232.000000,4845232
matrices/rmat_24.mtx,16777216,16777216,150994124,2,1d-cyclic,,1,2,1,75604516,2421107,2424125,0,0,2421107,2424125,4845232,9684428,9696500,19380928,4845232,4845232.000000,4845232
matrices/rmat_24.mtx,16777216,16777216,150994124,2,1d-block,,1,2,0,75517619,2423098,2423197,0,0,2423098,2423197,4846295,9692392,9692788,19385180,4846295,4846295.000000,4846295
matrices/rmat_24.mtx,16777216,16777216,150994124,2,1d-block,,1,2,1,75476505,2423197,2423098,0,0,2423197,2423098,4846295,9692788,9692392,19385180,4846295,4846295.000000,4846295
matrices/rmat_24.mtx,16777216,16777216,150994124,2,1d-gp,,1,2,0,82071726,1549983,1814725,0,0,1549983,1814725,3364708,6199932,7258900,13458832,3364708,3364708.000000,3364708
matrices/rmat_24.mtx,16777216,16777216,150994124,2,1d-gp,,1,2,1,68922398,1814725,1549983,0,0,1814725,1549983,3364708,7258900,6199932,13458832,3364708,3364708.000000,3364708
matrices/rmat_24.mtx,16777216,16777216,150994124,2,1d-lra,0.350000000,1,2,0,75497002,2436157,2410892,0,0,2436157,2410892,4847049,9744628,9643568,19388196,4847049,4847049.000000,4847049
matrices/rmat_24.mtx,16777216,16777216,150994124,2,1d-lra,0.350000000,1,2,1,75497122,2410892,2436157,0,0,2410892,2436157,4847049,9643568,9744628,19388196,4847049,4847049.000000,4847049
matrices/rmat_24.mtx,16777216,16777216,150994124,2,2d-block,,1,2,0,75517619,0,0,2423197,2423098,2423197,2423098,4846295,9692788,9692392,19385180,4846295,4846295.000000,4846295
matrices/rmat_24.mtx,16777216,16777216,150994124,2,2d-block,,1,2,1,75476505,0,0,2423098,2423197,2423098,2423197,4846295,9692392,9692788,19385180,4846295,4846295.000000,4846295
matrices/rmat_24.mtx,16777216,16777216,150994124,2,2d-gp,,1,2,0,82071726,0,0,1814725,1549983,1814725,1549983,3364708,7258900,6199932,13458832,3364708,3364708.000000,3364708
matrices/rmat_24.mtx,16777216,16777216,150994124,2,2d-gp,,1,2,1,68922398,0,0,1549983,1814725,1549983,1814725,3364708,6199932,7258900,13458832,3364708,3364708.000000,3364708
matrices/rmat_24.mtx,16777216,16777216,150994124,4,1d-cyclic,,2,2,0,38019330,2745242,2759278,0,0,2745242,2759278,5504520,10980968,11037112,22018080,5488830,5498077.000000,5504520
matrices/rmat_24.mtx,16777216,16777216,150994124,4,1d-cyclic,,2,2,1,37809569,2749230,2752466,0,0,2749230,2752466,5501696,10996920,11009864,22006784,5488830,5498077.000000,5504520
matrices/rmat_24.mtx,16777216,16777216,150994124,4,1d-cyclic,,2,2,2,37370278,2753615,2735215,0,0,2753615,2735215,5488830,11014460,10940860,21955320,5488830,5498077.000000,5504520
matrices/rmat_24.mtx,16777216,16777216,150994124,4,1d-cyclic,,2,2,3,37794947,2748067,2749195,0,0,2748067,2749195,5497262,10992268,10996780,21989048,5488830,5498077.000000,5504520
matrices/rmat_24.mtx,16777216,16777216,150994124,4,1d-block,,2,2,0,38122369,2744832,2763946,0,0,2744832,2763946,5508778,10979328,11055784,22035112,5487910,5498178.500000,5508778
matrices/rmat_24.mtx,16777216,16777216,150994124,4,1d-block,,2,2,1,37395250,2753657,2734253,0,0,2753657,2734253,5487910,11014628,10937012,21951640,5487910,5498178.500000,5508778
matrices/rmat_24.mtx,16777216,16777216,150994124,4,1d-block,,2,2,2,37554426,2750623,2742343,0,0,2750623,2742343,5492966,11002492,10969372,21971864,5487910,5498178.500000,5508778
matrices/rmat_24.mtx,16777216,16777216,150994124,4,1d-block,,2,2,3,37922079,2747245,2755815,0,0,2747245,2755815,5503060,10988980,11023260,22012240,5487910,5498178.500000,5508778
matrices/rmat_24.mtx,16777216,16777216,150994124,4,1d-gp,,2,2,0,41083242,1901396,2169507,0,0,1901396,2169507,4070903,7605584,8678028,16283612,3870284,4049764.000000,4190540
matrices/rmat_24.mtx,16777216,16777216,150994124,4,1d-gp,,2,2,1,41013749,1899114,2168215,0,0,1899114,2168215,4067329,7596456,8672860,16269316,3870284,4049764.000000,4190540
matrices/rmat_24.mtx,16777216,16777216,150994124,4,1d-gp,,2,2,2,30231526,2065067,1805217,0,0,2065067,1805217,3870284,8260268,7220868,15481136,3870284,4049764.000000,4190540
matrices/rmat_24.mtx,16777216,16777216,150994124,4,1d-gp,,2,2,3,38665607,2233951,1956589,0,0,2233951,1956589,4190540,8935804,7826356,16762160,3870284,4049764.000000,4190540
matrices/rmat_24.mtx,16777216,16777216,150994124,4,1d-lra,0.350000000,2,2,0,37747755,2735947,2755124,0,0,2735947,2755124,5491071,10943788,11020496,21964284,5474881,5498831.500000,5523692
matrices/rmat_24.mtx,16777216,16777216,150994124,4,1d-lra,0.350000000,2,2,1,37749247,2791880,2731812,0,0,2791880,2731812,5523692,11167520,10927248,22094768,5474881,5498831.500000,5523692
matrices/rmat_24.mtx,16777216,16777216,150994124,4,1d-lra,0.350000000,2,2,2,37748550,2759043,2746639,0,0,2759043,2746639,5505682,11036172,10986556,22022728,5474881,5498831.500000,5523692
matrices/rmat_24.mtx,16777216,16777216,150994124,4,1d-lra,0.350000000,2,2,3,37748572,2710793,2764088,0,0,2710793,2764088,5474881,10843172,11056352,21899524,5474881,5498831.500000,5523692
matrices/rmat_24.mtx,16777216,16777216,150994124,4,2d-block,,2,2,0,37844837,1210128,1212385,1211260,1211946,2421388,2424331,4845719,9685552,9697324,19382876,4844682,4845200.500000,4845719
matrices/rmat_24.mtx,16777216,16777216,150994124,4,2d-block,,2,2,1,37672782,1212385,1210128,1211937,1211152,2424322,2421280,4845602,9697288,9685120,19382408,4844682,4845200.500000,4845719
matrices/rmat_24.mtx,16777216,16777216,150994124,4,2d-block,,2,2,2,37831958,1208937,1212656,1211946,1211260,2420883,2423916,4844799,9683532,9695664,19379196,4844682,4845200.500000,4845719
matrices/rmat_24.mtx,16777216,16777216,150994124,4,2d-block,,2,2,3,37644547,1212656,1208937,1211152,1211937,2423808,2420874,4844682,9695232,9683496,19378728,4844682,4845200.500000,4845719
matrices/rmat_24.mtx,16777216,16777216,150994124,4,2d-gp,,2,2,0,39255474,829325,797924,859682,767354,1689007,1565278,3254285,6756028,6261112,13017140,3254285,3375293.500000,3496302
matrices/rmat_24.mtx,16777216,16777216,150994124,4,2d-gp,,2,2,1,42841517,797924,829325,973985,765916,1771909,1595241,3367150,7087636,6380964,13468600,3254285,3375293.500000,3496302
matrices/rmat_24.mtx,16777216,16777216,150994124,4,2d-gp,,2,2,2,32059294,846355,910046,767354,859682,1613709,1769728,3383437,6454836,7078912,13533748,3254285,3375293.500000,3496302
matrices/rmat_24.mtx,16777216,16777216,150994124,4,2d-gp,,2,2,3,36837839,910046,846355,765916,973985,1675962,1820340,3496302,6703848,7281360,13985208,3254285,3375293.500000,3496302
matrices/webbase-2001.mtx,118142155,118142155,1019903190,2,1d-cyclic,,1,2,0,510046146,42525270,42536627,0,0,42525270,42536627,85061897,170101080,170146508,340247588,85061897,85061897.000000,85061897
matrices/webbase-2001.mtx,118142155,118142155,1019903190,2,1d-cyclic,,1,2,1,509857044,42536627,42525270,0,0,42536627,42525270,85061897,170146508,170101080,340247588,85061897,85061897.000000,85061897
matrices/webbase-2001.mtx,118142155,118142155,1019903190,2,1d-block,,1,2,0,474747692,2159824,2091874,0,0,2159824,2091874,4251698,8639296,8367496,17006792,4251698,4251698.000000,4251698
matrices/webbase-2001.mtx,118142155,118142155,1019903190,2,1d-block,,1,2,1,545155498,2091874,2159824,0,0,2091874,2159824,4251698,8367496,8639296,17006792,4251698,4251698.000000,4251698
matrices/webbase-2001.mtx,118142155,118142155,1019903190,2,1d-gp,,1,2,0,508350038,440954,488306,0,0,440954,488306,929260,1763816,1953224,3717040,929260,929260.000000,929260
matrices/webbase-2001.mtx,118142155,118142155,1019903190,2,1d-gp,,1,2,1,511553152,488306,440954,0,0,488306,440954,929260,1953224,1763816,3717040,929260,929260.000000,929260
matrices/webbase-2001.mtx,118142155,118142155,1019903190,2,1d-lra,0.350000000,1,2,0,509951614,2148923,2148793,0,0,2148923,2148793,4297716,8595692,8595172,17190864,4297716,4297716.000000,4297716
matrices/webbase-2001.mtx,118142155,118142155,1019903190,2,1d-lra,0.350000000,1,2,1,509951576,2148793,2148923,0,0,2148793,2148923,4297716,8595172,8595692,17190864,4297716,4297716.000000,4297716
matrices/webbase-2001.mtx,118142155,118142155,1019903190,2,2d-block,,1,2,0,472236723,0,0,4307217,4769603,4307217,4769603,9076820,17228868,19078412,36307280,9076820,9076820.000000,9076820
matrices/webbase-2001.mtx,118142155,118142155,1019903190,2,2d-block,,1,2,1,547666467,0,0,4769603,4307217,4769603,4307217,9076820,19078412,17228868,36307280,9076820,9076820.000000,9076820
matrices/webbase-2001.mtx,118142155,118142155,1019903190,2,2d-gp,,1,2,0,508162281,0,0,1105299,1293529,1105299,1293529,2398828,4421196,5174116,9595312,2398828,2398828.000000,2398828
matrices/webbase-2001.mtx,118142155,118142155,1019903190,2,2d-gp,,1,2,1,511740909,0,0,1293529,1105299,1293529,1105299,2398828,5174116,4421196,9595312,2398828,2398828.000000,2398828
matrices/webbase-2001.mtx,118142155,118142155,1019903190,4,1d-cyclic,,2,2,0,255033794,43600802,43621823,0,0,43600802,43621823,87222625,174403208,174487292,348890500,87174603,87205677.000000,87222625
matrices/webbase-2001.mtx,118142155,118142155,1019903190,4,1d-cyclic,,2,2,1,255024752,43592580,43625530,0,0,43592580,43625530,87218110,174370320,174502120,348872440,87174603,87205677.000000,87222625
matrices/webbase-2001.mtx,118142155,118142155,1019903190,4,1d-cyclic,,2,2,2,255012352,43604507,43602863,0,0,43604507,43602863,87207370,174418028,174411452,348829480,87174603,87205677.000000,87222625
matrices/webbase-2001.mtx,118142155,118142155,1019903190,4,1d-cyclic,,2,2,3,254832292,43613465,43561138,0,0,43613465,43561138,87174603,174453860,174244552,348698412,87174603,87205677.000000,87222625
matrices/webbase-2001.mtx,118142155,118142155,1019903190,4,1d-block,,2,2,0,220440846,1903853,1945284,0,0,1903853,1945284,3849137,7615412,7781136,15396548,3297813,3698198.000000,3903983
matrices/webbase-2001.mtx,118142155,118142155,1019903190,4,1d-block,,2,2,1,254306846,1690057,1607756,0,0,1690057,1607756,3297813,6760228,6431024,13191252,3297813,3698198.000000,3903983
matrices/webbase-2001.mtx,118142155,118142155,1019903190,4,1d-block,,2,2,2,278511770,1913374,1828485,0,0,1913374,1828485,3741859,7653496,7313940,14967436,3297813,3698198.000000,3903983
matrices/webbase-2001.mtx,118142155,118142155,1019903190,4,1d-block,,2,2,3,266643728,1889112,2014871,0,0,1889112,2014871,3903983,7556448,8059484,15615932,3297813,3698198.000000,3903983
matrices/webbase-2001.mtx,118142155,118142155,1019903190,4,1d-gp,,2,2,0,256499599,688163,637428,0,0,688163,637428,1325591,2752652,2549712,5302364,689247,992991.500000,1325591
matrices/webbase-2001.mtx,118142155,118142155,1019903190,4,1d-gp,,2,2,1,255423696,607228,602018,0,0,607228,602018,1209246,2428912,2408072,4836984,689247,992991.500000,1325591
matrices/webbase-2001.mtx,118142155,118142155,1019903190,4,1d-gp,,2,2,2,256043825,361888,385994,0,0,361888,385994,747882,1447552,1543976,2991528,689247,992991.500000,1325591
matrices/webbase-2001.mtx,118142155,118142155,1019903190,4,1d-gp,,2,2,3,251936070,328704,360543,0,0,328704,360543,689247,1314816,1442172,2756988,689247,992991.500000,1325591
matrices/webbase-2001.mtx,118142155,118142155,1019903190,4,1d-lra,0.350000000,2,2,0,254975793,1966916,2019629,0,0,1966916,2019629,3986545,7867664,8078516,15946180,3298762,3641877.500000,3986545
matrices/webbase-2001.mtx,118142155,118142155,1019903190,4,1d-lra,0.350000000,2,2,1,254975821,1673511,1625251,0,0,1673511,1625251,3298762,6694044,6501004,13195048,3298762,3641877.500000,3986545
matrices/webbase-2001.mtx,118142155,118142155,1019903190,4,1d-lra,0.350000000,2,2,2,254975794,1826920,1773595,0,0,1826920,1773595,3600515,7307680,7094380,14402060,3298762,3641877.500000,3986545
matrices/webbase-2001.mtx,118142155,118142155,1019903190,4,1d-lra,0.350000000,2,2,3,254975782,1816408,1865280,0,0,1816408,1865280,3681688,7265632,7461120,14726752,3298762,3641877.500000,3986545
matrices/webbase-2001.mtx,118142155,118142155,1019903190,4,2d-block,,2,2,0,218433288,1120258,967821,2059537,2578053,3179795,3545874,6725669,12719180,14183496,26902676,6527309,6677112.500000,6826916
matrices/webbase-2001.mtx,118142155,118142155,1019903190,4,2d-block,,2,2,1,253803435,967821,1120258,2247680,2191550,3215501,3311808,6527309,12862004,13247232,26109236,6527309,6677112.500000,6826916
matrices/webbase-2001.mtx,118142155,118142155,1019903190,4,2d-block,,2,2,2,280519328,1052357,1136969,2578053,2059537,3630410,3196506,6826916,14521640,12786024,27307664,6527309,6677112.500000,6826916
matrices/webbase-2001.mtx,118142155,118142155,1019903190,4,2d-block,,2,2,3,267147139,1136969,1052357,2191550,2247680,3328519,3300037,6628556,13314076,13200148,26514224,6527309,6677112.500000,6826916
matrices/webbase-2001.mtx,118142155,118142155,1019903190,4,2d-gp,,2,2,0,256596862,467218,438332,695594,646016,1162812,1084348,2247160,4651248,4337392,8988640,1533763,1890461.500000,2247160
matrices/webbase-2001.mtx,118142155,118142155,1019903190,4,2d-gp,,2,2,1,255497095,438332,467218,597018,555023,1035350,1022241,2057591,4141400,4088964,8230364,1533763,1890461.500000,2247160
matrices/webbase-2001.mtx,118142155,118142155,1019903190,4,2d-gp,,2,2,2,255946562,187930,193792,646016,695594,833946,889386,1723332,3335784,3557544,6893328,1533763,1890461.500000,2247160
matrices/webbase-2001.mtx,118142155,118142155,1019903190,4,2d-gp,,2,2,3,251862671,193792,187930,555023,597018,748815,784948,1533763,2995260,3139792,6135052,1533763,1890461.500000,2247160
matrices/webbase-1M.mtx,1000005,1000005,3105536,2,1d-cyclic,,1,2,0,1540872,38440,37808,0,0,38440,37808,76248,153760,151232,304992,76248,76248.000000,76248
matrices/webbase-1M.mtx,1000005,1000005,3105536,2,1d-cyclic,,1,2,1,1564664,37808,38440,0,0,37808,38440,76248,151232,153760,304992,76248,76248.000000,76248
matrices/webbase-1M.mtx,1000005,1000005,3105536,2,1d-block,,1,2,0,1663787,2592,10416,0,0,2592,10416,13008,10368,41664,52032,13008,13008.000000,13008
matrices/webbase-1M.mtx,1000005,1000005,3105536,2,1d-block,,1,2,1,1441749,10416,2592,0,0,10416,2592,13008,41664,10368,52032,13008,13008.000000,13008
matrices/webbase-1M.mtx,1000005,1000005,3105536,2,1d-gp,,1,2,0,1554293,846,582,0,0,846,582,1428,3384,2328,5712,1428,1428.000000,1428
matrices/webbase-1M.mtx,1000005,1000005,3105536,2,1d-gp,,1,2,1,1551243,582,846,0,0,582,846,1428,2328,3384,5712,1428,1428.000000,1428
matrices/webbase-1M.mtx,1000005,1000005,3105536,2,1d-lra,0.350000000,1,2,0,1552761,23897,23508,0,0,23897,23508,47405,95588,94032,189620,47405,47405.000000,47405
matrices/webbase-1M.mtx,1000005,1000005,3105536,2,1d-lra,0.350000000,1,2,1,1552775,23508,23897,0,0,23508,23897,47405,94032,95588,189620,47405,47405.000000,47405
matrices/webbase-1M.mtx,1000005,1000005,3105536,2,2d-block,,1,2,0,1697354,0,0,54270,4212,54270,4212,58482,217080,16848,233928,58482,58482.000000,58482
matrices/webbase-1M.mtx,1000005,1000005,3105536,2,2d-block,,1,2,1,1408182,0,0,4212,54270,4212,54270,58482,16848,217080,233928,58482,58482.000000,58482
matrices/webbase-1M.mtx,1000005,1000005,3105536,2,2d-gp,,1,2,0,1554522,0,0,730,784,730,784,1514,2920,3136,6056,1514,1514.000000,1514
matrices/webbase-1M.mtx,1000005,1000005,3105536,2,2d-gp,,1,2,1,1551014,0,0,784,730,784,730,1514,3136,2920,6056,1514,1514.000000,1514
matrices/webbase-1M.mtx,1000005,1000005,3105536,4,1d-cyclic,,2,2,0,764903,52115,50980,0,0,52115,50980,103095,208460,203920,412380,103001,103116.500000,103218
matrices/webbase-1M.mtx,1000005,1000005,3105536,4,1d-cyclic,,2,2,1,781981,51250,51751,0,0,51250,51751,103001,205000,207004,412004,103001,103116.500000,103218
matrices/webbase-1M.mtx,1000005,1000005,3105536,4,1d-cyclic,,2,2,2,775969,51784,51434,0,0,51784,51434,103218,207136,205736,412872,103001,103116.500000,103218
matrices/webbase-1M.mtx,1000005,1000005,3105536,4,1d-cyclic,,2,2,3,782683,51084,52068,0,0,51084,52068,103152,204336,208272,412608,103001,103116.500000,103218
matrices/webbase-1M.mtx,1000005,1000005,3105536,4,1d-block,,2,2,0,1072417,12822,20112,0,0,12822,20112,32934,51288,80448,131736,11075,23058.500000,32934
matrices/webbase-1M.mtx,1000005,1000005,3105536,4,1d-block,,2,2,1,591370,11311,13240,0,0,11311,13240,24551,45244,52960,98204,11075,23058.500000,32934
matrices/webbase-1M.mtx,1000005,1000005,3105536,4,1d-block,,2,2,2,889761,19992,3682,0,0,19992,3682,23674,79968,14728,94696,11075,23058.500000,32934
matrices/webbase-1M.mtx,1000005,1000005,3105536,4,1d-block,,2,2,3,551988,1992,9083,0,0,1992,9083,11075,7968,36332,44300,11075,23058.500000,32934
matrices/webbase-1M.mtx,1000005,1000005,3105536,4,1d-gp,,2,2,0,772787,1460,1407,0,0,1460,1407,2867,5840,5628,11468,71,2200.500000,3586
matrices/webbase-1M.mtx,1000005,1000005,3105536,4,1d-gp,,2,2,1,778329,1707,1879,0,0,1707,1879,3586,6828,7516,14344,71,2200.500000,3586
matrices/webbase-1M.mtx,1000005,1000005,3105536,4,1d-gp,,2,2,2,776112,31,40,0,0,31,40,71,124,160,284,71,2200.500000,3586
matrices/webbase-1M.mtx,1000005,1000005,3105536,4,1d-gp,,2,2,3,778308,1203,1075,0,0,1203,1075,2278,4812,4300,9112,71,2200.500000,3586
matrices/webbase-1M.mtx,1000005,1000005,3105536,4,1d-lra,0.350000000,2,2,0,776389,11010,32907,0,0,11010,32907,43917,44040,131628,175668,31738,46243.500000,56650
matrices/webbase-1M.mtx,1000005,1000005,3105536,4,1d-lra,0.350000000,2,2,1,776372,37812,18838,0,0,37812,18838,56650,151248,75352,226600,31738,46243.500000,56650
matrices/webbase-1M.mtx,1000005,1000005,3105536,4,1d-lra,0.350000000,2,2,2,776393,29249,23420,0,0,29249,23420,52669,116996,93680,210676,31738,46243.500000,56650
matrices/webbase-1M.mtx,1000005,1000005,3105536,4,1d-lra,0.350000000,2,2,3,776382,14416,17322,0,0,14416,17322,31738,57664,69288,126952,31738,46243.500000,56650
matrices/webbase-1M.mtx,1000005,1000005,3105536,4,2d-block,,2,2,0,1107083,11291,10519,52760,3561,64051,14080,78131,256204,56320,312524,13675,45903.000000,78131
matrices/webbase-1M.mtx,1000005,1000005,3105536,4,2d-block,,2,2,1,590271,10519,11291,1510,651,12029,11942,23971,48116,47768,95884,13675,45903.000000,78131
matrices/webbase-1M.mtx,1000005,1000005,3105536,4,2d-block,,2,2,2,855095,10054,1460,3561,52760,13615,54220,67835,54460,216880,271340,13675,45903.000000,78131
matrices/webbase-1M.mtx,1000005,1000005,3105536,4,2d-block,,2,2,3,553087,1460,10054,651,1510,2111,11564,13675,8444,46256,54700,13675,45903.000000,78131
matrices/webbase-1M.mtx,1000005,1000005,3105536,4,2d-gp,,2,2,0,772000,1283,1016,15,532,1298,1548,2846,5192,6192,11384,987,2441.500000,3896
matrices/webbase-1M.mtx,1000005,1000005,3105536,4,2d-gp,,2,2,1,778736,1016,1283,873,724,1889,2007,3896,7556,8028,15584,987,2441.500000,3896
matrices/webbase-1M.mtx,1000005,1000005,3105536,4,2d-gp,,2,2,2,776899,24,416,532,15,556,431,987,2224,1724,3948,987,2441.500000,3896
matrices/webbase-1M.mtx,1000005,1000005,3105536,4,2d-gp,,2,2,3,777901,416,24,724,873,1140,897,2037,4560,3588,8148,987,2441.500000,3896